,cat,clss,ent,family,gwp,note,scen,srce,tablename,tpe,unit,1990,1991,1992,1993,1994,1995,1996,1997,1998,1999,2000,2001,2002,2003,2004,2005,2006,2007,2008,2009,2010,2011,2012,2013,2014,2015,2016,2017,2018,2019,2020,2021,2022,2023,2024,2025,2026,2027,2028,2029,2030,2031,2032,2033,2034,2035,2036,2037,2038,2039,2040,2041,2042,2043,2044,2045,2046,2047,2048,2049,2050
CH4_IPC1_TOTAL_NET_HISTCR_PRIMAPHIST21,IPC1,TOTAL,CH4,emi,AR4,calculated by the function combine_tables_varying_in_one_sheet_as by CC and JN from PRIMAP | built by Johannes Guetschow,HISTCR,PRIMAPHIST21,CH4_IPC1_TOTAL_NET_HISTCR_PRIMAPHIST21,NET,Mt CO2eq,0.31245,0.31557999999999997,0.33692,0.33088,0.32961999999999997,0.52927,0.56752,0.72925,0.7500899999999998,0.8110999999999999,0.61075,0.6259,0.62098,0.66643,0.8109799999999999,0.84959,0.8948699999999999,0.90399,0.93233,0.9597899999999999,0.9953299999999999,1.0208,1.0325,1.0605,1.0891,1.1176,1.1461,1.1745999999999999,,,,,,,,,,,,,,,,,,,,,,,,,,,,,,,,,
CH4_IPC2_TOTAL_NET_HISTCR_PRIMAPHIST21,IPC2,TOTAL,CH4,emi,AR4,calculated by the function combine_tables_varying_in_one_sheet_as by CC and JN from PRIMAP | built by Johannes Guetschow,HISTCR,PRIMAPHIST21,CH4_IPC2_TOTAL_NET_HISTCR_PRIMAPHIST21,NET,Mt CO2eq,,,,,,,,,,,,,,,,,,,,,,,,,,,,,,,,,,,,,,,,,,,,,,,,,,,,,,,,,,,,,
CH4_IPC4_TOTAL_NET_HISTCR_PRIMAPHIST21,IPC4,TOTAL,CH4,emi,AR4,Renamed as composite source from CH4_IPC4_TOTAL_NET_HISTORY_CRF2019! | Renamed as composite source from CH4_IPC4_TOTAL_NET_PMHTHISTCR_TEMPSRC1! | Add the countries {AND.NAM} from CH4_IPC4_TOTAL_NET_HISTORY_BUR3IPCC2006I || Renamed as composite source from CH4_IPC4_TOTAL_NET_PMHTHISTCR_TEMPSRC2! | Add the countries {ARG.COL.IDN.MDA.MEX.MKD.MNE.ZAF} from CH4_IPC4_TOTAL_NET_HISTORY_BUR2IPCC2006I || Renamed as composite source from CH4_IPC4_TOTAL_NET_PMHTHISTCR_TEMPSRC3! | Add the countries {MNG.MRT.TGO} from CH4_IPC4_TOTAL_NET_HISTORY_BUR1IPCC2006I || Pad values of country IDN... || Renamed as composite source from CH4_IPC4_TOTAL_NET_PMHTHISTCR_TEMPSRC4! | Add the countries {ALB.ARE.ARM.AZE.BGD.BIH.BOL.BRA.CAF.CHL.CHN.CRI.CUB.DOM.EGY.ETH.GEO.GHA.GTM.IND.ISR.KEN.KGZ.KOR.LBN.LCA.MAR.MDG.MHL.MLI.MUS.MYS.NER.NRU.PER.PRK.PRY.SAU.SGP.TCD.TJK.TKM.URY.UZB.VCT.VNM.YEM.ZWE} from CH4_IPC4_TOTAL_NET_HISTORY_UNFCCC2019BI || Pad values of country IDN... || Pad values of country MKD... || Pad values of country TGO... || Renamed as composite source from CH4_IPC4_TOTAL_NET_PMHTHISTCR_TEMPSRC5! | Renamed as composite source from CH4_IPC4_TOTAL_NET_PMHTHISTCR_TEMPSRC6! | Add the countries {ABW.AFG.AGO.AIA.ANT.ATG.BDI.BEN.BFA.BHR.BHS.BLZ.BRB.BRN.BTN.BWA.CIV.CMR.COD.COG.COK.COM.CPV.DJI.DMA.DZA.ECU.ERI.FJI.FSM.GAB.GIN.GMB.GNB.GNQ.GRD.GUY.HKG.HND.HTI.IRN.IRQ.JAM.JOR.KHM.KIR.KNA.KWT.LAO.LBR.LBY.LKA.LSO.MAC.MDV.MMR.MOZ.MWI.NGA.NIC.NIU.NPL.OMN.PAK.PAN.PHL.PLW.PNG.QAT.RWA.SDN.SEN.SHN.SLB.SLE.SLV.SMR.SOM.SRB.SSD.STP.SUR.SWZ.SYC.SYR.TCA.THA.TKL.TLS.TON.TTO.TUN.TUV.TWN.TZA.UGA.VAT.VEN.VGB.VUT.WSM.ZMB} from CH4_IPC4_TOTAL_NET_HISTORY_EDGAR432I || Pad values of country ALB... || Pad values of country AND... || Pad values of country ARE... || Pad values of country ARG... || Pad values of country ARM... || Pad values of country AUS... || Pad values of country AUT... || Pad values of country AZE... || Pad values of country BEL... || Pad values of country BGD... || Pad values of country BGR... || Pad values of country BIH... || Pad values of country BLR... || Pad values of country BOL... || Pad values of country BRA... || Pad values of country CAF... || Pad values of country CAN... || Pad values of country CHE... || Pad values of country CHL... || Pad values of country CHN... || Pad values of country COL... || Pad values of country CRI... || Pad values of country CUB... || Pad values of country CYP... || Pad values of country CZE... || Pad values of country DEU... || Pad values of country DNK... || Pad values of country DOM... || Pad values of country EGY... || Pad values of country ESP... || Pad values of country EST... || Pad values of country ETH... || Pad values of country FIN... || Pad values of country FRA... || Pad values of country GBR... || Pad values of country GEO... || Pad values of country GHA... || Pad values of country GRC... || Pad values of country GTM... || Pad values of country HRV... || Pad values of country HUN... || Pad values of country IDN... || Pad values of country IND... || Pad values of country IRL... || Pad values of country ISL... || Pad values of country ISR... || Pad values of country ITA... || Pad values of country JPN... || Pad values of country KAZ... || Pad values of country KEN... || Pad values of country KGZ... || Pad values of country KOR... || Pad values of country LBN... || Pad values of country LCA... || Pad values of country LIE... || Pad values of country LTU... || Pad values of country LUX... || Pad values of country LVA... || Pad values of country MAR... || Pad values of country MCO... || Pad values of country MDA... || Pad values of country MDG... || Pad values of country MEX... || Pad values of country MHL... || Pad values of country MKD... || Pad values of country MLI... || Pad values of country MLT... || Pad values of country MNE... || Pad values of country MNG... || Pad values of country MRT... || Pad values of country MUS... || Pad values of country MYS... || Pad values of country NAM... || Pad values of country NER... || Pad values of country NLD... || Pad values of country NOR... || Pad values of country NRU... || Pad values of country NZL... || Pad values of country PER... || Pad values of country POL... || Pad values of country PRK... || Pad values of country PRT... || Pad values of country PRY... || Pad values of country ROU... || Pad values of country RUS... || Pad values of country SAU... || Pad values of country SGP... || Pad values of country SVK... || Pad values of country SVN... || Pad values of country SWE... || Pad values of country TCD... || Pad values of country TGO... || Pad values of country TJK... || Pad values of country TKM... || Pad values of country TUR... || Pad values of country UKR... || Pad values of country URY... || Pad values of country USA... || Pad values of country UZB... || Pad values of country VCT... || Pad values of country VNM... || Pad values of country YEM... || Pad values of country ZAF... || Pad values of country ZWE... || Renamed as composite source from CH4_IPC4_TOTAL_NET_PMHTHISTCR_TEMPSRC7! | Add the countries {PCN} from CH4_IPC4_TOTAL_NET_HISTORY_EDGAR42COMPI ||  | built by Johannes Guetschow,HISTCR,PRIMAPHIST21,CH4_IPC4_TOTAL_NET_HISTCR_PRIMAPHIST21,NET,Mt CO2eq,0.8834799999999998,0.8658,0.8270000000000001,0.7824,0.7504,0.7451,0.7737499999999999,0.8333499999999999,0.9110499999999999,0.9874999999999999,1.0541,1.1032,1.1413,1.1686999999999999,1.1992,1.2332999999999998,1.2748,1.3225,1.3741999999999999,1.4274,1.4776,1.5328,1.5847,1.6095,1.6541,1.6985999999999999,1.7431999999999999,1.7877999999999998,,,,,,,,,,,,,,,,,,,,,,,,,,,,,,,,,
CH4_IPC5_TOTAL_NET_HISTCR_PRIMAPHIST21,IPC5,TOTAL,CH4,emi,AR4,Renamed as composite source from CH4_IPC5_TOTAL_NET_HISTORY_CRF2019! | Renamed as composite source from CH4_IPC5_TOTAL_NET_PMHTHISTCR_TEMPSRC1! | Renamed as composite source from CH4_IPC5_TOTAL_NET_PMHTHISTCR_TEMPSRC2! | Add the countries {MDA} from CH4_IPC5_TOTAL_NET_HISTORY_BUR2IPCC2006I || Renamed as composite source from CH4_IPC5_TOTAL_NET_PMHTHISTCR_TEMPSRC3! | Renamed as composite source from CH4_IPC5_TOTAL_NET_PMHTHISTCR_TEMPSRC4! | Renamed as composite source from CH4_IPC5_TOTAL_NET_PMHTHISTCR_TEMPSRC5! | Renamed as composite source from CH4_IPC5_TOTAL_NET_PMHTHISTCR_TEMPSRC6! | Add the countries {AUS.CHN.IND.USA} from CH4_IPC5_TOTAL_NET_HISTORY_EDGAR432I || Renamed as composite source from CH4_IPC5_TOTAL_NET_PMHTHISTCR_TEMPSRC7! | Add the countries {KWT} from CH4_IPC5_TOTAL_NET_HISTORY_EDGAR42COMPI ||  | built by Johannes Guetschow,HISTCR,PRIMAPHIST21,CH4_IPC5_TOTAL_NET_HISTCR_PRIMAPHIST21,NET,Mt CO2eq,,,,,,,,,,,,,,,,,,,,,,,,,,,,,,,,,,,,,,,,,,,,,,,,,,,,,,,,,,,,,
CH4_IPCM0EL_TOTAL_NET_HISTCR_PRIMAPHIST21,IPCM0EL,TOTAL,CH4,emi,AR4,calculated by the function combine_tables_varying_in_one_sheet_as by CC and JN from PRIMAP | built by Johannes Guetschow,HISTCR,PRIMAPHIST21,CH4_IPCM0EL_TOTAL_NET_HISTCR_PRIMAPHIST21,NET,Mt CO2eq,1.9397,1.9499,1.9025999999999998,1.8151,1.7399,1.8097999999999999,1.9412999999999998,2.2098,2.3912999999999998,2.6327,2.4831,2.6372999999999998,2.7062999999999997,2.9314,3.1860999999999997,3.3215,3.5507,3.6914,3.875,3.9892999999999996,4.1948,4.1468,4.1864,4.2508,4.2939,4.6099,4.5923,4.6716999999999995,,,,,,,,,,,,,,,,,,,,,,,,,,,,,,,,,
CH4_IPCMAG_TOTAL_NET_HISTCR_PRIMAPHIST21,IPCMAG,TOTAL,CH4,emi,AR4,calculated by the function combine_tables_varying_in_one_sheet_as by CC and JN from PRIMAP | built by Johannes Guetschow,HISTCR,PRIMAPHIST21,CH4_IPCMAG_TOTAL_NET_HISTCR_PRIMAPHIST21,NET,Mt CO2eq,0.7438100000000001,0.7685599999999999,0.7386699999999998,0.7018300000000001,0.65989,0.5354099999999999,0.6000099999999999,0.6472100000000001,0.7302,0.8340799999999998,0.81828,0.9083,0.94394,1.0961999999999998,1.176,1.2386,1.381,1.4648999999999999,1.5685,1.6020999999999999,1.7219,1.5933,1.5692,1.5807,1.5508,1.7936999999999999,1.7028999999999999,1.7092999999999998,,,,,,,,,,,,,,,,,,,,,,,,,,,,,,,,,
CO2_IPC1_TOTAL_NET_HISTCR_PRIMAPHIST21,IPC1,TOTAL,CO2,emi,AR4,calculated by the function combine_tables_varying_in_one_sheet_as by CC and JN from PRIMAP | built by Johannes Guetschow,HISTCR,PRIMAPHIST21,CO2_IPC1_TOTAL_NET_HISTCR_PRIMAPHIST21,NET,Mt CO2eq,0.50967,0.45833999999999997,0.46199999999999997,0.46567,0.46934,0.46199999999999997,0.46199999999999997,0.46934,0.45833999999999997,0.48034,0.49134,0.484,0.48034,0.46934,0.47667,0.47667,0.47667,0.50234,0.49134,0.5243399999999998,0.5389999999999999,0.61234,0.68567,0.74434,0.7844,0.8206700000000001,0.8093899999999999,0.86215,,,,,,,,,,,,,,,,,,,,,,,,,,,,,,,,,
CO2/GDPPPP_IPC1/ECO_TOTAL_NET_HISTCR/SSP2BLMESGBFILLED_PRIMAPHIST21/PMSSPBIEMISC,IPC1/ECO,TOTAL,CO2/GDPPPP,emi/gdp,AR4,calculated by the function combine_tables_varying_in_one_sheet_as by CC and JN from PRIMAP | built by Johannes Guetschow,HISTCR/SSP2BLMESGBFILLED,PRIMAPHIST21/PMSSPBIEMISC,CO2/GDPPPP_IPC1/ECO_TOTAL_NET_HISTCR/SSP2BLMESGBFILLED_PRIMAPHIST21/PMSSPBIEMISC,NET,t CO2eq / Thousand2011GKD,0.07060784398745575,0.07210033516950962,0.06911466268749344,0.07642609198773581,0.16628551019947282,0.13220984254724422,0.11579402239499835,0.09831877777274198,0.0891018916252614,0.09090013219165183,0.08308787727758693,0.07615569372201396,0.0668809370192069,0.06441370665171602,0.059410511645880855,0.05272429479066424,0.04743864592432599,0.04685211462276889,0.044017059785361655,0.04254662207383301,0.0404914827440797,0.0407081802103693,0.042326959487291926,0.043831594206532286,0.04251365850658385,0.04011219266085262,0.03704824308847169,0.03694525204321303,,,,,,,,,,,,,,,,,,,,,,,,,,,,,,,,,
CO2/POP_IPC1/DEMOGR_TOTAL_NET_HISTCR/SSP2BLMESGBFILLED_PRIMAPHIST21/PMSSPBIEMISC,IPC1/DEMOGR,TOTAL,CO2/POP,emi/pop,AR4,calculated by the function combine_tables_varying_in_one_sheet_as by CC and JN from PRIMAP | built by Johannes Guetschow,HISTCR/SSP2BLMESGBFILLED,PRIMAPHIST21/PMSSPBIEMISC,CO2/POP_IPC1/DEMOGR_TOTAL_NET_HISTCR/SSP2BLMESGBFILLED_PRIMAPHIST21/PMSSPBIEMISC,NET,t CO2eq / Pers,0.06992430389187257,0.0647013277225158,0.06893213675897207,0.07434356090122908,0.0790632352586923,0.0791570968535054,0.0768321601461607,0.07310704635476466,0.06582694725485516,0.0640347974746555,0.06193089941478615,0.05880097522146342,0.05699971282986,0.054847629955776224,0.054912583618223966,0.05392063428321596,0.05270952525599787,0.05416790627574132,0.05158677579396535,0.05359831622331915,0.05368879900248403,0.059489003122507184,0.0649944315809599,0.06884681901871871,0.07077103800830595,0.07218443793692556,0.06936344158671646,0.07196000387614983,,,,,,,,,,,,,,,,,,,,,,,,,,,,,,,,,
CO2_IPC2_TOTAL_NET_HISTCR_PRIMAPHIST21,IPC2,TOTAL,CO2,emi,AR4,calculated by the function combine_tables_varying_in_one_sheet_as by CC and JN from PRIMAP | built by Johannes Guetschow,HISTCR,PRIMAPHIST21,CO2_IPC2_TOTAL_NET_HISTCR_PRIMAPHIST21,NET,Mt CO2eq,0.046432,0.045426,0.043893999999999996,0.042224,0.019769,0.019471,0.034992999999999996,0.042224,0.044116999999999996,0.048699,0.052941999999999996,0.059452,0.065564,0.06561499999999999,0.065662,0.065714,0.065873,0.065024,0.065424,0.059573999999999995,0.060183999999999994,0.060466,0.057553,0.06190900000000001,0.066985,0.096952,0.16291,0.16341,,,,,,,,,,,,,,,,,,,,,,,,,,,,,,,,,
CO2_IPC4_TOTAL_NET_HISTCR_PRIMAPHIST21,IPC4,TOTAL,CO2,emi,AR4,Renamed as composite source from CO2_IPC4_TOTAL_NET_HISTORY_CRF2019! | Renamed as composite source from CO2_IPC4_TOTAL_NET_PMHTHISTCR_TEMPSRC1! | Add the countries {AND.NAM} from CO2_IPC4_TOTAL_NET_HISTORY_BUR3IPCC2006I || Renamed as composite source from CO2_IPC4_TOTAL_NET_PMHTHISTCR_TEMPSRC2! | Add the countries {ARG.COL.IDN.MDA.MEX.MKD} from CO2_IPC4_TOTAL_NET_HISTORY_BUR2IPCC2006I || Renamed as composite source from CO2_IPC4_TOTAL_NET_PMHTHISTCR_TEMPSRC3! | Add the countries {MRT.TGO} from CO2_IPC4_TOTAL_NET_HISTORY_BUR1IPCC2006I || Pad values of country IDN... || Renamed as composite source from CO2_IPC4_TOTAL_NET_PMHTHISTCR_TEMPSRC4! | Add the countries {BRA.CHL.ETH.KEN.KOR.LBN.MUS.PRK} from CO2_IPC4_TOTAL_NET_HISTORY_UNFCCC2019BI || Renamed as composite source from CO2_IPC4_TOTAL_NET_PMHTHISTCR_TEMPSRC5! | Renamed as composite source from CO2_IPC4_TOTAL_NET_PMHTHISTCR_TEMPSRC6! | Renamed as composite source from CO2_IPC4_TOTAL_NET_PMHTHISTCR_TEMPSRC7! | Renamed as composite source from CO2_IPC4_TOTAL_NET_PMHTHISTCR_TEMPSRC8! | Renamed as composite source from CO2_IPC4_TOTAL_NET_PMHTHISTCR_TEMPSRC9! | Add the countries {ALB.BIH.BRN.CHN.DOM.GUY.HKG.KHM.MAC.MCO.MNE.MNG.MYS.PNG.SGP.SMR.SRB.SUR.THA.TLS.TWN.VAT} from CO2_IPC4_TOTAL_NET_HISTORY_EDGAR432I || Pad values of country AND... || Pad values of country AUS... || Pad values of country AUT... || Pad values of country BEL... || Pad values of country BGR... || Pad values of country BRA... || Pad values of country CAN... || Pad values of country CHE... || Pad values of country CZE... || Pad values of country DNK... || Pad values of country ESP... || Pad values of country FRA... || Pad values of country GBR... || Pad values of country GRC... || Pad values of country HRV... || Pad values of country IDN... || Pad values of country IRL... || Pad values of country ISL... || Pad values of country ITA... || Pad values of country JPN... || Pad values of country LIE... || Pad values of country LTU... || Pad values of country MDA... || Pad values of country MKD... || Pad values of country MLT... || Pad values of country NOR... || Pad values of country NZL... || Pad values of country POL... || Pad values of country PRK... || Pad values of country PRT... || Pad values of country ROU... || Pad values of country SVK... || Pad values of country SVN... || Pad values of country SWE... || Pad values of country UKR... || Renamed as composite source from CO2_IPC4_TOTAL_NET_PMHTHISTCR_TEMPSRC10! | Pad values of country HUN... || Pad values of country LVA... ||  | built by Johannes Guetschow,HISTCR,PRIMAPHIST21,CO2_IPC4_TOTAL_NET_HISTCR_PRIMAPHIST21,NET,Mt CO2eq,,,,,,,,,,,,,,,,,,,,,,,,,,,,,,,,,,,,,,,,,,,,,,,,,,,,,,,,,,,,,
CO2_IPC5_TOTAL_NET_HISTCR_PRIMAPHIST21,IPC5,TOTAL,CO2,emi,AR4,Renamed as composite source from CO2_IPC5_TOTAL_NET_HISTORY_CRF2019! | Renamed as composite source from CO2_IPC5_TOTAL_NET_PMHTHISTCR_TEMPSRC1! | Renamed as composite source from CO2_IPC5_TOTAL_NET_PMHTHISTCR_TEMPSRC2! | Add the countries {MDA} from CO2_IPC5_TOTAL_NET_HISTORY_BUR2IPCC2006I || Renamed as composite source from CO2_IPC5_TOTAL_NET_PMHTHISTCR_TEMPSRC3! | Renamed as composite source from CO2_IPC5_TOTAL_NET_PMHTHISTCR_TEMPSRC4! | Renamed as composite source from CO2_IPC5_TOTAL_NET_PMHTHISTCR_TEMPSRC5! | Renamed as composite source from CO2_IPC5_TOTAL_NET_PMHTHISTCR_TEMPSRC6! | Renamed as composite source from CO2_IPC5_TOTAL_NET_PMHTHISTCR_TEMPSRC7! | Renamed as composite source from CO2_IPC5_TOTAL_NET_PMHTHISTCR_TEMPSRC8! | Renamed as composite source from CO2_IPC5_TOTAL_NET_PMHTHISTCR_TEMPSRC9! | Add the countries {AUS.CHN.IND.USA} from CO2_IPC5_TOTAL_NET_HISTORY_EDGAR432I || Renamed as composite source from CO2_IPC5_TOTAL_NET_PMHTHISTCR_TEMPSRC10! | Add the countries {KWT} from CO2_IPC5_TOTAL_NET_HISTORY_EDGAR42COMPI ||  | built by Johannes Guetschow,HISTCR,PRIMAPHIST21,CO2_IPC5_TOTAL_NET_HISTCR_PRIMAPHIST21,NET,Mt CO2eq,,,,,,,,,,,,,,,,,,,,,,,,,,,,,,,,,,,,,,,,,,,,,,,,,,,,,,,,,,,,,
CO2_IPCM0EL_TOTAL_NET_HISTCR_PRIMAPHIST21,IPCM0EL,TOTAL,CO2,emi,AR4,calculated by the function combine_tables_varying_in_one_sheet_as by CC and JN from PRIMAP | built by Johannes Guetschow,HISTCR,PRIMAPHIST21,CO2_IPCM0EL_TOTAL_NET_HISTCR_PRIMAPHIST21,NET,Mt CO2eq,0.5564,0.5040600000000001,0.50622,0.50831,0.48965,0.48218,0.49788,0.51263,0.50371,0.5304599999999999,0.54585,0.54513,0.5476300000000001,0.5367,0.54408,0.5445,0.54477,0.56814,0.5576300000000001,0.58492,0.6006600000000001,0.6733600000000001,0.74335,0.80702,0.85208,0.91825,0.97285,1.026,,,,,,,,,,,,,,,,,,,,,,,,,,,,,,,,,
CO2_IPCMAG_TOTAL_NET_HISTCR_PRIMAPHIST21,IPCMAG,TOTAL,CO2,emi,AR4,calculated by the function combine_tables_varying_in_one_sheet_as by CC and JN from PRIMAP | built by Johannes Guetschow,HISTCR,PRIMAPHIST21,CO2_IPCMAG_TOTAL_NET_HISTCR_PRIMAPHIST21,NET,Mt CO2eq,0.00029299999999999997,0.000294,0.00032634999999999994,0.00041267,0.0005415,0.00070141,0.0008809599999999999,0.0010686999999999997,0.0012531999999999999,0.001423,0.0015667,0.0016728999999999997,0.00173,0.0017499999999999998,0.0017499999999999998,0.00212,0.0022299999999999998,0.0007779999999999999,0.0008730000000000001,0.00101,0.00147,0.000551,0.000126,0.0007737899999999999,0.0007013199999999999,0.00062884,0.0005563699999999999,0.00048388999999999995,,,,,,,,,,,,,,,,,,,,,,,,,,,,,,,,,
FGASES_IPC2_TOTAL_NET_HISTCR_PRIMAPHIST21,IPC2,TOTAL,FGASES,emi,AR4,calculated by the function combine_tables_varying_in_one_sheet_as by CC and JN from PRIMAP | built by Johannes Guetschow,HISTCR,PRIMAPHIST21,FGASES_IPC2_TOTAL_NET_HISTCR_PRIMAPHIST21,NET,Mt CO2eq,1.288e-05,2.452e-05,6.3038e-05,0.00018515,8.8019e-05,0.00030475,0.00054081,0.00079947,0.0011622,0.0017026999999999997,0.0019007,0.0050472,0.01168,0.020794,0.035618000000000004,0.054682000000000015,0.059114999999999994,0.069712,0.08030799999999999,0.088849,0.09739099999999999,0.097255,0.105,0.11274999999999999,0.12049,0.12824000000000002,0.13598,0.14373,,,,,,,,,,,,,,,,,,,,,,,,,,,,,,,,,
HFCS_IPCM0EL_TOTAL_NET_HISTCR_PRIMAPHIST21,IPCM0EL,TOTAL,HFCS,emi,AR4,calculated by the function combine_tables_varying_in_one_sheet_as by CC and JN from PRIMAP | built by Johannes Guetschow,HISTCR,PRIMAPHIST21,HFCS_IPCM0EL_TOTAL_NET_HISTCR_PRIMAPHIST21,NET,Mt CO2eq,1.288e-05,2.452e-05,6.3038e-05,0.00018515,8.8019e-05,0.00030475,0.00054081,0.00079947,0.0011622,0.0017026999999999997,0.0019007,0.0050472,0.01168,0.020794,0.035618000000000004,0.054682000000000015,0.059114999999999994,0.069712,0.08030799999999999,0.088849,0.09739099999999999,0.097255,0.105,0.11274999999999999,0.12049,0.12824000000000002,0.13598,0.14373,,,,,,,,,,,,,,,,,,,,,,,,,,,,,,,,,
KYOTOGHG_IPC1_TOTAL_NET_HISTCR_PRIMAPHIST21,IPC1,TOTAL,KYOTOGHG,emi,AR4,calculated by the function combine_tables_varying_in_one_sheet_as by CC and JN from PRIMAP | built by Johannes Guetschow,HISTCR,PRIMAPHIST21,KYOTOGHG_IPC1_TOTAL_NET_HISTCR_PRIMAPHIST21,NET,Mt CO2eq,0.87803,0.8308599999999999,0.85624,0.8521799999999998,0.8506100000000001,1.0772,1.1218,1.3174,1.3306,1.4226999999999999,1.2013,1.2115,1.2026,1.2389,1.3820999999999999,1.4201,1.4666,1.5011999999999999,1.52,1.5831,1.6363999999999999,1.7380000000000002,1.8235,1.8992,1.9667,2.0304,2.0465,2.1267,,,,,,,,,,,,,,,,,,,,,,,,,,,,,,,,,
KYOTOGHG_IPC2_TOTAL_NET_HISTCR_PRIMAPHIST21,IPC2,TOTAL,KYOTOGHG,emi,AR4,calculated by the function combine_tables_varying_in_one_sheet_as by CC and JN from PRIMAP | built by Johannes Guetschow,HISTCR,PRIMAPHIST21,KYOTOGHG_IPC2_TOTAL_NET_HISTCR_PRIMAPHIST21,NET,Mt CO2eq,0.046468999999999996,0.045474,0.043979,0.042429999999999995,0.019877,0.019795,0.035553999999999995,0.043045,0.045301999999999995,0.050426,0.054869000000000015,0.064527,0.07727200000000001,0.086437,0.10131,0.12043,0.12502,0.13477,0.14576,0.14845999999999995,0.15761,0.15775,0.16258999999999998,0.17468999999999998,0.18750999999999998,0.22522999999999999,0.29893,0.30717,,,,,,,,,,,,,,,,,,,,,,,,,,,,,,,,,
KYOTOGHG_IPC4_TOTAL_NET_HISTCR_PRIMAPHIST21,IPC4,TOTAL,KYOTOGHG,emi,AR4,calculated by the function combine_tables_varying_in_one_sheet_as by CC and JN from PRIMAP | built by Johannes Guetschow,HISTCR,PRIMAPHIST21,KYOTOGHG_IPC4_TOTAL_NET_HISTCR_PRIMAPHIST21,NET,Mt CO2eq,0.94367,0.92421,0.8827299999999998,0.83336,0.7977799999999999,0.7895,0.81875,0.87984,0.9626,1.0459,1.1206,1.1738,1.2153,1.2438,1.2774999999999999,1.3165,1.3615,1.4152,1.4712999999999998,1.5272,1.5800999999999998,1.6379,1.6899,1.7230999999999999,1.7714999999999999,1.8198999999999999,1.8681999999999999,1.9165999999999999,,,,,,,,,,,,,,,,,,,,,,,,,,,,,,,,,
KYOTOGHG_IPC5_TOTAL_NET_HISTCR_PRIMAPHIST21,IPC5,TOTAL,KYOTOGHG,emi,AR4,calculated by the function combine_tables_varying_in_one_sheet_as by CC and JN from PRIMAP | built by Johannes Guetschow,HISTCR,PRIMAPHIST21,KYOTOGHG_IPC5_TOTAL_NET_HISTCR_PRIMAPHIST21,NET,Mt CO2eq,0.031080999999999998,0.031826,0.031975,0.030754000000000007,0.02837,0.044909,0.048783,0.062132999999999994,0.063683,0.069076,0.053579999999999996,0.055339,0.055249,0.056291999999999995,0.050421999999999995,0.050183,0.050481,0.051077,0.052239,0.053729,0.055666,0.057484,0.057900999999999994,0.051910000000000005,0.051462,0.051014,0.050566,0.050117999999999996,,,,,,,,,,,,,,,,,,,,,,,,,,,,,,,,,
KYOTOGHG_IPCM0EL_TOTAL_NET_HISTCR_PRIMAPHIST21,IPCM0EL,TOTAL,KYOTOGHG,emi,AR4,calculated by the function combine_tables_varying_in_one_sheet_as by CC and JN from PRIMAP | built by Johannes Guetschow,HISTCR,PRIMAPHIST21,KYOTOGHG_IPCM0EL_TOTAL_NET_HISTCR_PRIMAPHIST21,NET,Mt CO2eq,3.4251,3.4078999999999997,3.3394,3.2152,3.0724,3.0925,3.2988999999999997,3.6531,3.8789,4.2360000000000015,4.0827,4.3079,4.4232,4.7394,5.0729999999999995,5.2999,5.6426,5.9006,6.1666,6.3572999999999995,6.6846,6.653099999999999,6.8301,6.999499999999999,7.057099999999999,7.700399999999999,7.7044,7.8617,,,,,,,,,,,,,,,,,,,,,,,,,,,,,,,,,
KYOTOGHG_IPCMAG_TOTAL_NET_HISTCR_PRIMAPHIST21,IPCMAG,TOTAL,KYOTOGHG,emi,AR4,calculated by the function combine_tables_varying_in_one_sheet_as by CC and JN from PRIMAP | built by Johannes Guetschow,HISTCR,PRIMAPHIST21,KYOTOGHG_IPCMAG_TOTAL_NET_HISTCR_PRIMAPHIST21,NET,Mt CO2eq,1.5257999999999998,1.5755,1.5245,1.4565,1.3758,1.1611,1.274,1.3506,1.4767,1.6479,1.6522999999999999,1.8027,1.8728,2.114,2.2617,2.3927,2.6391,2.7984,2.9773,3.0446999999999997,3.2548999999999997,3.0619,3.0963,3.1506,3.08,3.574,3.4400999999999997,3.4610000000000003,,,,,,,,,,,,,,,,,,,,,,,,,,,,,,,,,
KYOTOGHG_IPCMLULUCF_TOTAL_NET_HISTCR_PRIMAPHIST21,IPCMLULUCF,TOTAL,KYOTOGHG,emi,AR4,calculated by the function combine_tables_varying_in_one_sheet_as by CC and JN from PRIMAP | built by Johannes Guetschow,HISTCR,PRIMAPHIST21,KYOTOGHG_IPCMLULUCF_TOTAL_NET_HISTCR_PRIMAPHIST21,NET,Mt CO2eq,9.6325,9.6325,9.6325,9.6325,9.6692,9.6325,8.984399999999999,9.119299999999999,9.147499999999999,8.9836,8.8361,-9.7997,-9.8638,-8.0035,-9.2508,-8.6409,-0.2665,-1.3883999999999999,-0.02285,-0.91977,-0.6839999999999999,0.36211,0.072591,1.0816,-0.14304999999999998,1.7228999999999999,1.509,0.96487,,,,,,,,,,,,,,,,,,,,,,,,,,,,,,,,,
KYOTOGHG_IPCMLULUCF_TOTAL_NET_HISTORY_BUR1IPCC2006I,IPCMLULUCF,TOTAL,KYOTOGHG,emi,AR4,calculated by the function combine_tables_varying_in_one_sheet_as by CC and JN from PRIMAP,HISTORY,BUR1IPCC2006I,KYOTOGHG_IPCMLULUCF_TOTAL_NET_HISTORY_BUR1IPCC2006I,NET,Mt CO2eq,,,,,,,,,,,,,,,,,,,,,,,,,,,,,,,,,,,,,,,,,,,,,,,,,,,,,,,,,,,,,
KYOTOGHG_IPCMLULUCF_TOTAL_NET_HISTORY_BUR2IPCC2006I,IPCMLULUCF,TOTAL,KYOTOGHG,emi,AR4,calculated by the function combine_tables_varying_in_one_sheet_as by CC and JN from PRIMAP,HISTORY,BUR2IPCC2006I,KYOTOGHG_IPCMLULUCF_TOTAL_NET_HISTORY_BUR2IPCC2006I,NET,Mt CO2eq,,,,,,,,,,,,,,,,,,,,,,,,,,,,,,,,,,,,,,,,,,,,,,,,,,,,,,,,,,,,,
KYOTOGHG_IPCMLULUCF_TOTAL_NET_HISTORY_BUR3IPCC2006I,IPCMLULUCF,TOTAL,KYOTOGHG,emi,AR4,calculated by the function combine_tables_varying_in_one_sheet_as by CC and JN from PRIMAP,HISTORY,BUR3IPCC2006I,KYOTOGHG_IPCMLULUCF_TOTAL_NET_HISTORY_BUR3IPCC2006I,NET,Mt CO2eq,,,,,,,,,,,,,,,,,,,,,,,,,,,,,,,,,,,,,,,,,,,,,,,,,,,,,,,,,,,,,
KYOTOGHG_IPCMLULUCF_TOTAL_NET_INTERLIN_VARIOUS,IPCMLULUCF,TOTAL,KYOTOGHG,emi,AR4,"LULUCF data from different sources (one per country) were inter/extrapolated with constant values (interpolation & forward extrapolation: last value kept constant, backward extrapolation: first available value after 1990 used for 1990 to year of first available value). BUR1IPCC2006I: MNG, MRT, TGO; BUR2IPCC2006I: ARG, COL, IDN, MDA, MEX, MKD, ZAF; BUR3IPCC2006I: AND, NAM; CRF2019: AUS, AUT, BEL, BGR, BLR, CAN, CHE, CYP, CZE, DEU, DNK, ESP, EST, FIN, FRA, GBR, GRC, HRV, HUN, IRL, ISL, ITA, JPN, KAZ, LIE, LTU, LUX, LVA, MCO, MLT, NLD, NOR, NZL, POL, PRT, ROU, RUS, SVK, SVN, SWE, TUR, UKR, USA; FAO2019BI: AFG, AGO, AIA, ANT, ATG, BDI, BEN, BFA, BHR, BHS, BLZ, BRB, BRN, BTN, BWA, CIV, CMR, COD, COG, COK, COM, CPV, DZA, ECU, EGY, ERI, FJI, FSM, GAB, GIN, GMB, GNB, GNQ, GRD, HKG, HND, HTI, IRN, IRQ, JAM, KHM, KIR, KNA, KWT, LAO, LBR, LKA, LSO, MDV, MMR, MOZ, MWI, NGA, NIC, NIU, NPL, OMN, PAK, PAN, PCN, PHL, PLW, PNG, RWA, SDN, SEN, SGP, SLB, SLE, SLV, SOM, SRB, SSD, STP, SUR, SWZ, SYR, TCA, THA, TKM, TLS, TON, TTO, TUN, TUV, TWN, TZA, UGA, VEN, VGB, VUT, WSM, ZMB; UNFCCC2019BI: ALB, ARE, ARM, AZE, BGD, BIH, BOL, BRA, CAF, CHL, CHN, CRI, CUB, DMA, DOM, ETH, GEO, GHA, GTM, GUY, IND, ISR, JOR, KEN, KGZ, KOR, LBN, LCA, MAR, MDG, MLI, MNE, MUS, MYS, NER, PER, PRK, PRY, SAU, TCD, TJK, URY, UZB, VCT, VNM, YEM, ZWE",INTERLIN,VARIOUS,KYOTOGHG_IPCMLULUCF_TOTAL_NET_INTERLIN_VARIOUS,NET,Mt CO2eq,9.632555,9.632555,9.632555,9.632555,9.669255,9.632555,8.984352000000001,9.119342,9.147568999999999,8.983552999999995,8.8360706,-9.799681,-9.863832,-8.003535000000001,-9.250799999999998,-8.640914,-0.2664949999999999,-1.3884041999999999,-0.0228459999999999,-0.9198120000000001,-0.684004,0.362103,0.072591,1.081594,-0.14304279999999997,1.7229259999999997,1.5089860000000002,0.5601647428571429,0.5601647428571429,0.5601647428571429,0.5601647428571429,0.5601647428571429,0.5601647428571429,0.5601647428571429,0.5601647428571429,0.5601647428571429,0.5601647428571429,0.5601647428571429,0.5601647428571429,0.5601647428571429,0.5601647428571429,0.5601647428571429,0.5601647428571429,0.5601647428571429,0.5601647428571429,0.5601647428571429,0.5601647428571429,0.5601647428571429,0.5601647428571429,0.5601647428571429,0.5601647428571429,0.5601647428571429,0.5601647428571429,0.5601647428571429,0.5601647428571429,0.5601647428571429,0.5601647428571429,0.5601647428571429,0.5601647428571429,0.5601647428571429,0.5601647428571429
KYOTOGHG_IPCMLULUCF_TOTAL_NET_HISTORY_CRF2018,IPCMLULUCF,TOTAL,KYOTOGHG,emi,AR4,calculated by the function combine_tables_varying_in_one_sheet_as by CC and JN from PRIMAP,HISTORY,CRF2018,KYOTOGHG_IPCMLULUCF_TOTAL_NET_HISTORY_CRF2018,NET,Mt CO2eq,,,,,,,,,,,,,,,,,,,,,,,,,,,,,,,,,,,,,,,,,,,,,,,,,,,,,,,,,,,,,
KYOTOGHG_IPCMLULUCF_TOTAL_NET_HISTORY_CRF2019,IPCMLULUCF,TOTAL,KYOTOGHG,emi,AR4,calculated by the function combine_tables_varying_in_one_sheet_as by CC and JN from PRIMAP,HISTORY,CRF2019,KYOTOGHG_IPCMLULUCF_TOTAL_NET_HISTORY_CRF2019,NET,Mt CO2eq,,,,,,,,,,,,,,,,,,,,,,,,,,,,,,,,,,,,,,,,,,,,,,,,,,,,,,,,,,,,,
KYOTOGHG_IPCMLULUCF_TOTAL_NET_INTERLIN_FAO2019BI,IPCMLULUCF,TOTAL,KYOTOGHG,emi,AR4,"Sum over CO2, CH4 and N2O. Interpolation method: linear.",INTERLIN,FAO2019BI,KYOTOGHG_IPCMLULUCF_TOTAL_NET_INTERLIN_FAO2019BI,NET,Mt CO2eq,9.632555,9.632555,9.632555,9.632555,9.669255,9.632555,8.984352000000001,9.119342,9.147568999999999,8.983552999999995,8.8360706,-9.799681,-9.863832,-8.003535000000001,-9.250799999999998,-8.640914,-0.2664949999999999,-1.3884041999999999,-0.0228459999999999,-0.9198120000000001,-0.684004,0.362103,0.072591,1.081594,-0.14304279999999997,1.7229259999999997,1.5089860000000002,0.5601647428571429,0.5601647428571429,0.5601647428571429,0.5601647428571429,0.5601647428571429,0.5601647428571429,0.5601647428571429,0.5601647428571429,0.5601647428571429,0.5601647428571429,0.5601647428571429,0.5601647428571429,0.5601647428571429,0.5601647428571429,0.5601647428571429,0.5601647428571429,0.5601647428571429,0.5601647428571429,0.5601647428571429,0.5601647428571429,0.5601647428571429,0.5601647428571429,0.5601647428571429,0.5601647428571429,0.5601647428571429,0.5601647428571429,0.5601647428571429,0.5601647428571429,0.5601647428571429,0.5601647428571429,0.5601647428571429,0.5601647428571429,0.5601647428571429,0.5601647428571429
KYOTOGHG_IPCMLULUCF_TOTAL_NET_HISTORY_UNFCCC2019BI,IPCMLULUCF,TOTAL,KYOTOGHG,emi,AR4,calculated by the function combine_tables_varying_in_one_sheet_as by CC and JN from PRIMAP,HISTORY,UNFCCC2019BI,KYOTOGHG_IPCMLULUCF_TOTAL_NET_HISTORY_UNFCCC2019BI,NET,Mt CO2eq,,,,,,,,,,,,,,,,,,,,,,,,,,,,,,,,,,,,,,,,,,,,,,,,,,,,,,,,,,,,,
N2O_IPC1_TOTAL_NET_HISTCR_PRIMAPHIST21,IPC1,TOTAL,N2O,emi,AR4,calculated by the function combine_tables_varying_in_one_sheet_as by CC and JN from PRIMAP | built by Johannes Guetschow,HISTCR,PRIMAPHIST21,N2O_IPC1_TOTAL_NET_HISTCR_PRIMAPHIST21,NET,Mt CO2eq,0.055908000000000006,0.056937999999999996,0.057317999999999994,0.055632999999999995,0.051651999999999997,0.085896,0.092265,0.11884000000000003,0.12222,0.13127,0.09926199999999999,0.10159,0.10127,0.10309,0.094426,0.093871,0.095013,0.09489299999999999,0.096317,0.09899899999999999,0.10203,0.10489,0.10528,0.094274,0.093188,0.09210299999999999,0.091017,0.089931,,,,,,,,,,,,,,,,,,,,,,,,,,,,,,,,,
N2O_IPC2_TOTAL_NET_HISTCR_PRIMAPHIST21,IPC2,TOTAL,N2O,emi,AR4,calculated by the function combine_tables_varying_in_one_sheet_as by CC and JN from PRIMAP | built by Johannes Guetschow,HISTCR,PRIMAPHIST21,N2O_IPC2_TOTAL_NET_HISTCR_PRIMAPHIST21,NET,Mt CO2eq,2.381e-05,2.3184e-05,2.1991999999999995e-05,2.0651e-05,1.9668e-05,1.9369999999999996e-05,1.9995999999999996e-05,2.1337e-05,2.3095e-05,2.4853e-05,2.6284e-05,2.7297e-05,2.7981999999999997e-05,2.8489e-05,2.8936e-05,2.9531999999999998e-05,3.0395999999999995e-05,3.0992e-05,3.1886e-05,3.278e-05,3.3674e-05,3.4568000000000005e-05,3.5462e-05,3.6089e-05,3.6882e-05,3.7674e-05,3.8467e-05,3.9259e-05,,,,,,,,,,,,,,,,,,,,,,,,,,,,,,,,,
N2O_IPC4_TOTAL_NET_HISTCR_PRIMAPHIST21,IPC4,TOTAL,N2O,emi,AR4,Renamed as composite source from N2O_IPC4_TOTAL_NET_HISTORY_CRF2019! | Renamed as composite source from N2O_IPC4_TOTAL_NET_PMHTHISTCR_TEMPSRC1! | Add the countries {AND.NAM} from N2O_IPC4_TOTAL_NET_HISTORY_BUR3IPCC2006I || Renamed as composite source from N2O_IPC4_TOTAL_NET_PMHTHISTCR_TEMPSRC2! | Add the countries {ARG.COL.IDN.MDA.MEX.MKD.MNE.ZAF} from N2O_IPC4_TOTAL_NET_HISTORY_BUR2IPCC2006I || Renamed as composite source from N2O_IPC4_TOTAL_NET_PMHTHISTCR_TEMPSRC3! | Add the countries {MNG.MRT.TGO} from N2O_IPC4_TOTAL_NET_HISTORY_BUR1IPCC2006I || Pad values of country IDN... || Renamed as composite source from N2O_IPC4_TOTAL_NET_PMHTHISTCR_TEMPSRC4! | Add the countries {ALB.ARE.ARM.AZE.BOL.BRA.CAF.CHL.CUB.DMA.DOM.ETH.GEO.GHA.GTM.IND.ISR.KEN.KGZ.KOR.LBN.LCA.MAR.MHL.MUS.MYS.NER.NRU.PER.PRK.PRY.SAU.SGP.TCD.URY.UZB.VCT.VNM.YEM} from N2O_IPC4_TOTAL_NET_HISTORY_UNFCCC2019BI || Pad values of country MKD... || Pad values of country TGO... || Renamed as composite source from N2O_IPC4_TOTAL_NET_PMHTHISTCR_TEMPSRC5! | Renamed as composite source from N2O_IPC4_TOTAL_NET_PMHTHISTCR_TEMPSRC6! | Add the countries {ABW.AFG.AGO.ANT.ATG.BDI.BEN.BFA.BGD.BHR.BHS.BIH.BLZ.BRB.BRN.BWA.CHN.CIV.CMR.COD.COG.COM.CPV.CRI.DJI.DZA.ECU.EGY.ERI.FJI.GAB.GIN.GMB.GNB.GNQ.GRD.GUY.HKG.HND.HTI.IRN.IRQ.JAM.JOR.KHM.KIR.KNA.KWT.LAO.LBR.LBY.LKA.LSO.MAC.MDG.MDV.MLI.MMR.MOZ.MWI.NGA.NIC.NPL.OMN.PAK.PAN.PHL.PNG.QAT.RWA.SDN.SEN.SLB.SLE.SLV.SMR.SOM.SRB.SSD.STP.SUR.SWZ.SYC.SYR.THA.TJK.TKM.TLS.TTO.TUN.TWN.TZA.UGA.VAT.VEN.VUT.WSM.ZMB.ZWE} from N2O_IPC4_TOTAL_NET_HISTORY_EDGAR432I || Pad values of country ALB... || Pad values of country AND... || Pad values of country ARE... || Pad values of country ARG... || Pad values of country ARM... || Pad values of country AUS... || Pad values of country AUT... || Pad values of country AZE... || Pad values of country BEL... || Pad values of country BGR... || Pad values of country BLR... || Pad values of country BOL... || Pad values of country BRA... || Pad values of country CAF... || Pad values of country CAN... || Pad values of country CHE... || Pad values of country CHL... || Pad values of country COL... || Pad values of country CUB... || Pad values of country CYP... || Pad values of country CZE... || Pad values of country DEU... || Pad values of country DMA... || Pad values of country DNK... || Pad values of country DOM... || Pad values of country ESP... || Pad values of country EST... || Pad values of country ETH... || Pad values of country FIN... || Pad values of country FRA... || Pad values of country GBR... || Pad values of country GEO... || Pad values of country GHA... || Pad values of country GRC... || Pad values of country GTM... || Pad values of country HRV... || Pad values of country HUN... || Pad values of country IDN... || Pad values of country IND... || Pad values of country IRL... || Pad values of country ISL... || Pad values of country ISR... || Pad values of country ITA... || Pad values of country JPN... || Pad values of country KAZ... || Pad values of country KEN... || Pad values of country KGZ... || Pad values of country KOR... || Pad values of country LBN... || Pad values of country LCA... || Pad values of country LIE... || Pad values of country LTU... || Pad values of country LUX... || Pad values of country LVA... || Pad values of country MAR... || Pad values of country MCO... || Pad values of country MDA... || Pad values of country MEX... || Pad values of country MKD... || Pad values of country MLT... || Pad values of country MNE... || Pad values of country MNG... || Pad values of country MRT... || Pad values of country MUS... || Pad values of country MYS... || Pad values of country NAM... || Pad values of country NER... || Pad values of country NLD... || Pad values of country NOR... || Pad values of country NZL... || Pad values of country PER... || Pad values of country POL... || Pad values of country PRK... || Pad values of country PRT... || Pad values of country PRY... || Pad values of country ROU... || Pad values of country RUS... || Pad values of country SAU... || Pad values of country SGP... || Pad values of country SVK... || Pad values of country SVN... || Pad values of country SWE... || Pad values of country TCD... || Pad values of country TGO... || Pad values of country TUR... || Pad values of country UKR... || Pad values of country URY... || Pad values of country USA... || Pad values of country UZB... || Pad values of country VCT... || Pad values of country VNM... || Pad values of country YEM... || Pad values of country ZAF... || Renamed as composite source from N2O_IPC4_TOTAL_NET_PMHTHISTCR_TEMPSRC7! | Add the countries {BTN} from N2O_IPC4_TOTAL_NET_HISTORY_EDGAR42COMPI ||  | built by Johannes Guetschow,HISTCR,PRIMAPHIST21,N2O_IPC4_TOTAL_NET_HISTCR_PRIMAPHIST21,NET,Mt CO2eq,0.06019600000000001,0.058407999999999995,0.055726,0.050957999999999996,0.047382,0.044402,0.044997999999999996,0.046487999999999995,0.051553999999999996,0.058407999999999995,0.066454,0.070626,0.073904,0.07509600000000001,0.078374,0.083142,0.08671799999999998,0.092678,0.097148,0.09983,0.10250999999999999,0.10518999999999999,0.10518999999999999,0.11359,0.11739999999999999,0.12120999999999997,0.12502,0.12883,,,,,,,,,,,,,,,,,,,,,,,,,,,,,,,,,
N2O_IPC5_TOTAL_NET_HISTCR_PRIMAPHIST21,IPC5,TOTAL,N2O,emi,AR4,Renamed as composite source from N2O_IPC5_TOTAL_NET_HISTORY_CRF2019! | Renamed as composite source from N2O_IPC5_TOTAL_NET_PMHTHISTCR_TEMPSRC1! | Renamed as composite source from N2O_IPC5_TOTAL_NET_PMHTHISTCR_TEMPSRC2! | Add the countries {MDA} from N2O_IPC5_TOTAL_NET_HISTORY_BUR2IPCC2006I || Renamed as composite source from N2O_IPC5_TOTAL_NET_PMHTHISTCR_TEMPSRC3! | Renamed as composite source from N2O_IPC5_TOTAL_NET_PMHTHISTCR_TEMPSRC4! | Renamed as composite source from N2O_IPC5_TOTAL_NET_PMHTHISTCR_TEMPSRC5! | Renamed as composite source from N2O_IPC5_TOTAL_NET_PMHTHISTCR_TEMPSRC6! | Add the countries {ABW.AFG.AGO.AIA.ALB.AND.ANT.ARE.ARG.ARM.ATG.AUS.AUT.AZE.BDI.BEL.BEN.BFA.BGD.BGR.BHR.BHS.BIH.BLR.BLZ.BOL.BRA.BRB.BRN.BTN.BWA.CAF.CAN.CHL.CHN.CIV.CMR.COD.COG.COK.COL.COM.CPV.CRI.CUB.CYP.CZE.DEU.DJI.DMA.DNK.DOM.DZA.ECU.EGY.ERI.ESP.EST.ETH.FIN.FJI.FRA.GAB.GBR.GEO.GHA.GIN.GMB.GNB.GNQ.GRC.GRD.GTM.GUY.HKG.HND.HRV.HTI.HUN.IDN.IND.IRL.IRN.IRQ.ISL.ISR.ITA.JAM.JOR.JPN.KAZ.KEN.KGZ.KHM.KIR.KNA.KOR.KWT.LAO.LBN.LBR.LBY.LCA.LIE.LKA.LSO.LTU.LUX.LVA.MAC.MAR.MCO.MDG.MDV.MEX.MKD.MLI.MLT.MMR.MNE.MNG.MOZ.MRT.MUS.MWI.MYS.NAM.NER.NGA.NIC.NLD.NOR.NPL.OMN.PAK.PAN.PER.PHL.PLW.PNG.POL.PRK.PRT.PRY.QAT.ROU.RUS.RWA.SAU.SDN.SEN.SGP.SHN.SLB.SLE.SLV.SMR.SOM.SRB.SSD.STP.SUR.SVK.SVN.SWE.SWZ.SYC.SYR.TCA.TCD.TGO.THA.TJK.TKM.TLS.TON.TTO.TUN.TUR.TWN.TZA.UGA.UKR.URY.USA.UZB.VAT.VCT.VEN.VGB.VNM.VUT.WSM.YEM.ZAF.ZMB.ZWE} from N2O_IPC5_TOTAL_NET_HISTORY_EDGAR432I || Pad values of country CHE... || Pad values of country MDA... || Pad values of country NZL... || Renamed as composite source from N2O_IPC5_TOTAL_NET_PMHTHISTCR_TEMPSRC7! | Add the countries {FSM.NIU.NRU.TKL.TUV} from N2O_IPC5_TOTAL_NET_HISTORY_EDGAR42COMPI ||  | built by Johannes Guetschow,HISTCR,PRIMAPHIST21,N2O_IPC5_TOTAL_NET_HISTCR_PRIMAPHIST21,NET,Mt CO2eq,0.031080999999999998,0.031826,0.031975,0.030754000000000007,0.02837,0.044909,0.048783,0.062132999999999994,0.063683,0.069076,0.053579999999999996,0.055339,0.055249,0.056291999999999995,0.050421999999999995,0.050183,0.050481,0.051077,0.052239,0.053729,0.055666,0.057484,0.057900999999999994,0.051910000000000005,0.051462,0.051014,0.050566,0.050117999999999996,,,,,,,,,,,,,,,,,,,,,,,,,,,,,,,,,
N2O_IPCM0EL_TOTAL_NET_HISTCR_PRIMAPHIST21,IPCM0EL,TOTAL,N2O,emi,AR4,calculated by the function combine_tables_varying_in_one_sheet_as by CC and JN from PRIMAP | built by Johannes Guetschow,HISTCR,PRIMAPHIST21,N2O_IPCM0EL_TOTAL_NET_HISTCR_PRIMAPHIST21,NET,Mt CO2eq,0.92892,0.95385,0.93055,0.8915700000000001,0.8427699999999999,0.8001999999999999,0.8592,0.92984,0.98274,1.0712,1.0517999999999998,1.1203999999999998,1.1576,1.2505,1.3073,1.3792,1.4881,1.5714,1.6537,1.6942,1.7917999999999998,1.7357,1.7953999999999999,1.8289,1.7906,2.044,2.0033,2.0202,,,,,,,,,,,,,,,,,,,,,,,,,,,,,,,,,
N2O_IPCMAG_TOTAL_NET_HISTCR_PRIMAPHIST21,IPCMAG,TOTAL,N2O,emi,AR4,calculated by the function combine_tables_varying_in_one_sheet_as by CC and JN from PRIMAP | built by Johannes Guetschow,HISTCR,PRIMAPHIST21,N2O_IPCMAG_TOTAL_NET_HISTCR_PRIMAPHIST21,NET,Mt CO2eq,0.78171,0.80665,0.7855099999999999,0.7542099999999999,0.7153499999999999,0.62497,0.67314,0.70236,0.74525,0.8124,0.83249,0.8927700000000001,0.92714,1.016,1.0839999999999999,1.152,1.2558,1.3327,1.408,1.4416,1.5314999999999999,1.4681,1.527,1.5691,1.5285,1.7795999999999998,1.7366,1.7512999999999999,,,,,,,,,,,,,,,,,,,,,,,,,,,,,,,,,
NF3_IPCM0EL_TOTAL_NET_HISTCR_PRIMAPHIST21,IPCM0EL,TOTAL,NF3,emi,AR4,calculated by the function combine_tables_varying_in_one_sheet_as by CC and JN from PRIMAP | built by Johannes Guetschow,HISTCR,PRIMAPHIST21,NF3_IPCM0EL_TOTAL_NET_HISTCR_PRIMAPHIST21,NET,Mt CO2eq,,,,,,,,,,,,,,,,,,,,,,,,,,,,,,,,,,,,,,,,,,,,,,,,,,,,,,,,,,,,,
PFCS_IPCM0EL_TOTAL_NET_HISTCR_PRIMAPHIST21,IPCM0EL,TOTAL,PFCS,emi,AR4,calculated by the function combine_tables_varying_in_one_sheet_as by CC and JN from PRIMAP | built by Johannes Guetschow,HISTCR,PRIMAPHIST21,PFCS_IPCM0EL_TOTAL_NET_HISTCR_PRIMAPHIST21,NET,Mt CO2eq,,,,,,,,,,,,,,,,,,,,,,,,,,,,,,,,,,,,,,,,,,,,,,,,,,,,,,,,,,,,,
SF6_IPCM0EL_TOTAL_NET_HISTCR_PRIMAPHIST21,IPCM0EL,TOTAL,SF6,emi,AR4,calculated by the function combine_tables_varying_in_one_sheet_as by CC and JN from PRIMAP | built by Johannes Guetschow,HISTCR,PRIMAPHIST21,SF6_IPCM0EL_TOTAL_NET_HISTCR_PRIMAPHIST21,NET,Mt CO2eq,,,,,,,,,,,,,,,,,,,,,,,,,,,,,,,,,,,,,,,,,,,,,,,,,,,,,,,,,,,,,
KYOTOGHG_IPCM0EL_TOTAL_NET_SSP1BLIMAGEFILLED_PMSSPBIE,IPCM0EL,TOTAL,KYOTOGHG,emi,AR4,calculated by the function combine_tables_varying_in_one_sheet_as by CC and JN from PRIMAPCheck info_per_country.csv for further information.,SSP1BLIMAGEFILLED,PMSSPBIE,KYOTOGHG_IPCM0EL_TOTAL_NET_SSP1BLIMAGEFILLED_PMSSPBIE,NET,Mt CO2eq,3.4251,3.4078999999999997,3.3394,3.2152,3.0724,3.0925,3.2988999999999997,3.6531,3.8789,4.2360000000000015,4.0827,4.3079,4.4232,4.7394,5.0729999999999995,5.2999,5.6426,5.9006,6.1666,6.3572999999999995,6.6846,6.653099999999999,6.8301,6.999499999999999,7.057099999999999,7.700399999999999,7.7044,7.8617,7.5996,7.7658,7.965599999999999,8.2069,8.4801,8.775699999999999,9.085099999999999,9.400599999999999,9.722299999999999,10.0519,10.386099999999999,10.721599999999999,11.056199999999999,11.401399999999999,11.7668,12.1479,12.5413,12.9445,13.3607,13.7923,14.2358,14.6882,15.146899999999999,15.618599999999999,16.1115,16.625999999999998,17.1627,17.7222,18.3067,18.9184,19.557299999999998,20.2233,20.9159
KYOTOGHG_IPCM0EL_COV_EMI_SSP1BLIMAGEFILLED_CORR,IPCM0EL,COV,KYOTOGHG,emi,AR4,"Emissions covered by an (I)NDC, based on per-country, per-main-sector and per-kyoto-GHG information from countries' (I)NDCs and their corresponding HISTCR_PRIMAPHIST21 emissions (1990 to 2017). Future values were calculated using methods stated in info_per_country.",SSP1BLIMAGEFILLED,CORR,KYOTOGHG_IPCM0EL_COV_EMI_SSP1BLIMAGEFILLED_CORR,EMI,Mt CO2eq,1.868177979,1.8005311909999997,1.782866976,1.7277977580000001,1.668170621,1.8861867129999998,1.975545537,2.239522835,2.3373684879999996,2.517327856,2.3748791209999998,2.444781451,2.483428101,2.548334176,2.7252705959999997,2.802315722,2.893974193,2.9814443749999997,3.056735921,3.169988827,3.276680481,3.436463457,3.570899465,3.684210736,3.805175803999999,3.9471954769999997,4.077740125,4.20676446,4.00614351,4.108905273,4.232441978,4.381638208999999,4.5505582669999995,4.733328286999999,4.924630871999999,5.119705098,5.318612795,5.522405077,5.729041547,5.936481809,6.143365599999999,6.35680339,6.582730878,6.8183657029999996,7.061605641,7.310904937999998,7.568242157,7.835101224999999,8.109318085,8.389037831,8.672652877999997,8.964305849,9.269066818999997,9.587183107999998,9.919025697999999,10.264965569999998,10.62636299,11.00457821,11.39961125,11.811400269999998,12.23963611
KYOTOGHG/GDPPPP_IPCM0EL/ECO_TOTAL_NET_SSP1BLIMAGEFILLED_PMSSPBIE/PMSSPBIEMISC,IPCM0EL/ECO,TOTAL,KYOTOGHG/GDPPPP,emi/gdp,AR4,calculated by the function combine_tables_varying_in_one_sheet_as by CC and JN from PRIMAPCheck info_per_country.csv for further information.,SSP1BLIMAGEFILLED,PMSSPBIE/PMSSPBIEMISC,KYOTOGHG/GDPPPP_IPCM0EL/ECO_TOTAL_NET_SSP1BLIMAGEFILLED_PMSSPBIE/PMSSPBIEMISC,NET,t CO2eq / Thousand2011GKD,0.4745010034756503,0.5360883453858967,0.4995703562307697,0.5276809134343381,1.088540506960541,0.8849760564444863,0.8268244599109525,0.7652625539728208,0.7540632007357561,0.8016258482821279,0.6904035424781295,0.6778328780683138,0.615871592254145,0.6504502520670364,0.6322812964515359,0.5862200053727766,0.5615568495869299,0.5503356044573599,0.5524394530720299,0.5158516239653252,0.5021695093711971,0.44229609980992257,0.42162755552109993,0.4121762146984211,0.3824874291774769,0.37637531329965696,0.35265383072538736,0.3368932181037265,0.3143344377399176,0.30248054533287905,0.2909192585018074,0.27941633235111996,0.2678503693432233,0.25641480523877413,0.2452495203247348,0.23445156582212828,0.2239921137976356,0.2138447723770553,0.20407920501344046,0.1947254992754365,0.18580484889603602,0.1771634346680378,0.1687611784188044,0.16072114408575272,0.153118322844697,0.1459914797409495,0.13930509195633756,0.133038705847547,0.12720540952895998,0.12180005924393718,0.11680573668845665,0.1121336004268474,0.10772945145680543,0.10361220281441634,0.09978758820537749,0.09625135399226988,0.09297797149279237,0.08995067921247045,0.08716512853671537,0.0846120399175288,0.08227790608419656
KYOTOGHG/POP_IPCM0EL/DEMOGR_TOTAL_NET_SSP1BLIMAGEFILLED_PMSSPBIE/PMSSPBIEMISC,IPCM0EL/DEMOGR,TOTAL,KYOTOGHG/POP,emi/pop,AR4,calculated by the function combine_tables_varying_in_one_sheet_as by CC and JN from PRIMAPCheck info_per_country.csv for further information.,SSP1BLIMAGEFILLED,PMSSPBIE/PMSSPBIEMISC,KYOTOGHG/POP_IPCM0EL/DEMOGR_TOTAL_NET_SSP1BLIMAGEFILLED_PMSSPBIE/PMSSPBIEMISC,NET,t CO2eq / Pers,0.46990745631497394,0.4810744310895004,0.4982510335344401,0.513302160348813,0.5175648442681344,0.5298556753668083,0.5486182101865142,0.5690274663113964,0.557088942066714,0.5647070868606421,0.5146034986786083,0.5233651263564923,0.5248805633281358,0.5538519142037879,0.5844117244535008,0.5995216179696987,0.6239510923898999,0.636268558686625,0.647443748954017,0.6498466180846529,0.6658407157922166,0.6463505351183207,0.6474229106437707,0.6474102019527657,0.6367137842024679,0.6773112772362843,0.6602548825173259,0.6561827552898303,0.6241394457750483,0.6248266664736362,0.6283643638385934,0.6352191462790812,0.6444439536306725,0.6551644895851755,0.6666324545460158,0.6782125775813819,0.6899689216269529,0.7020701331855513,0.714223513612475,0.7261506601974789,0.7376595618860464,0.749470107689045,0.7621943063936603,0.7755356976124202,0.7892858133475388,0.8033058161835042,0.8177954771412891,0.8329297386757265,0.8485632717758189,0.8645940856770846,0.8809550971808143,0.8979269452629607,0.9158361873631492,0.9347376502024998,0.9547002975038106,0.9757962471050494,0.9981641785550818,1.021925295446119,1.0470993019811827,1.07370621228292,1.1017510583056476
GDPPPP_ECO_TOTAL_NET_SSP1BLIMAGEFILLED_PMSSPBIEMISC,ECO,TOTAL,GDPPPP,gdp,,Scenario based on RCPSSP IAM scenario dowscaled to country level using GDP data from SSP scenarios. For methodology see Guetschow et al. 2017Check info_per_country.csv for further information.,SSP1BLIMAGEFILLED,PMSSPBIEMISC,GDPPPP_ECO_TOTAL_NET_SSP1BLIMAGEFILLED_PMSSPBIEMISC,NET,Billion2011GKD,7.2183198242188,6.356974609375,6.684543945312501,6.093076171875,2.8224948730469,3.4944448242188004,3.9898432617188004,4.7736557617188,5.1439985351563,5.2842607421875005,5.9134980468750005,6.3554013671875005,7.1820166015625,7.2863374023438,8.0233276367188,9.040803710937501,10.048136718750001,10.7218212890625,11.162490234375001,12.323892578125001,13.311441406250001,15.042185546875,16.199368164062502,16.981814453125,18.450541015625,20.459365234375003,21.846919921875003,23.335880859375003,24.176797345660102,25.673717268175903,27.380793011166404,29.371583009997604,31.6598406072519,34.2246228404325,37.044313024426806,40.0961280298378,43.404653115526905,47.00559143094831,50.892495388327205,55.060071946892,59.50436743546081,64.3552662058258,69.7245664568604,75.5837078506515,81.905938930119,88.6661332768803,95.90963124440312,103.6713331818261,111.9119073057898,120.59271638434062,129.6759939145771,139.28563731607912,149.55520316985903,160.4637248160764,171.9923319990122,184.1241630888985,196.8928737213753,210.3197014812226,224.37068961313062,239.01208409242483,254.2104070878561
KYOTOGHG_IPCM0EL_COV_PC_SSP1BLIMAGEFILLED_CORR,IPCM0EL,COV,KYOTOGHG,share,AR4,"Share of emissions covered by an (I)NDC, based on per-country, per-main-sector and per-kyoto-GHG information from countries' (I)NDCs and their corresponding HISTCR_PRIMAPHIST21 emissions (1990 to 2017). Future values were calculated using methods stated in info_per_country.",SSP1BLIMAGEFILLED,CORR,KYOTOGHG_IPCM0EL_COV_PC_SSP1BLIMAGEFILLED_CORR,PC,MtCO2eq/MtCO2eq,0.5454374989999999,0.528340383,0.533888416,0.537384224,0.542953594,0.609922947,0.598849779,0.61304723,0.602585395,0.5942700320000001,0.581693272,0.567511189,0.5614550779999999,0.537691306,0.537210841,0.528748792,0.512879558,0.505278171,0.495692265,0.498637602,0.490183479,0.5165206379999999,0.522818036,0.526353416,0.539198226,0.512596161,0.529274197,0.53509603,0.527151891,0.529102639,0.531340009,0.533896868,0.536616109,0.539367605,0.54205577,0.544614716,0.54705294,0.549389178,0.551606623,0.553693647,0.555648921,0.557545862,0.559432546,0.5612793739999999,0.563068074,0.564788515,0.566455512,0.568077929,0.5696425970000001,0.5711413129999999,0.572569495,0.573950665,0.575307502,0.576637983,0.577940866,0.579215084,0.580463054,0.5816865179999999,0.58288267,0.584049105,0.585183335
POP_DEMOGR_TOTAL_NET_SSP1BLIMAGEFILLED_PMSSPBIEMISC,DEMOGR,TOTAL,POP,pop,,Scenario based on RCPSSP IAM scenario dowscaled to country level using GDP data from SSP scenarios. For methodology see Guetschow et al. 2017Check info_per_country.csv for further information.,SSP1BLIMAGEFILLED,PMSSPBIEMISC,POP_DEMOGR_TOTAL_NET_SSP1BLIMAGEFILLED_PMSSPBIEMISC,NET,MillionPers,7.288882,7.083934999999999,6.702243999999999,6.263757,5.936261,5.836494999999999,6.013107,6.419900999999999,6.962802,7.501233999999999,7.933681,8.231156,8.427059999999999,8.557160999999999,8.680524,8.840214999999999,9.043337,9.273757,9.524534,9.78277,10.039337999999999,10.293331,10.549673,10.811537999999999,11.08363,11.369071,11.668827,11.980960999999999,12.1761251455,12.4287269041,12.6767214349,12.9197931896,13.158785883899998,13.3946514799,13.628349382099998,13.8608458627,14.0909245261,14.317515480099999,14.5418063142,14.7649800347,14.9882148504,15.2126147301,15.438058118899999,15.6638824459,15.889427869999999,16.1140374428,16.3374589044,16.558779642,16.776356547,16.9885501686,17.193725365200002,17.3940653885,17.5921198816,17.7868089473,17.9770552548,18.1617833155,18.340369643899997,18.5125077971,18.6775981638,18.835040506099997,18.984234090199998
CH4_IPCM0EL_TOTAL_NET_SSP2BLMESGBFILLED_PMSSPBIE,IPCM0EL,TOTAL,CH4,emi,AR4,Scenario based on RCPSSP IAM scenario dowscaled to country level using GDP data from SSP scenarios. For methodology see Guetschow et al. 2017Check info_per_country.csv for further information.,SSP2BLMESGBFILLED,PMSSPBIE,CH4_IPCM0EL_TOTAL_NET_SSP2BLMESGBFILLED_PMSSPBIE,NET,Mt CO2eq,1.9397,1.9499,1.9025999999999998,1.8151,1.7399,1.8097999999999999,1.9412999999999998,2.2098,2.3912999999999998,2.6327,2.4831,2.6372999999999998,2.7062999999999997,2.9314,3.1860999999999997,3.3215,3.5507,3.6914,3.875,3.9892999999999996,4.1948,4.1468,4.1864,4.2508,4.2939,4.6099,4.5923,4.6716999999999995,4.5266,4.6247,4.7248,4.8324,4.9481,5.0679,5.1884,5.3067,5.4222,5.5352,5.645,5.7507,5.8514,5.9487,6.044099999999999,6.136699999999999,6.225899999999999,6.310899999999999,6.3915999999999995,6.4677999999999995,6.538799999999999,6.6037,6.6621999999999995,6.7135,6.757499999999999,6.7951999999999995,6.8277,6.856,6.880599999999999,6.9024,6.9226,6.9424,6.962999999999999
CO2_IPCM0EL_TOTAL_NET_SSP2BLMESGBFILLED_PMSSPBIE,IPCM0EL,TOTAL,CO2,emi,AR4,Scenario based on RCPSSP IAM scenario dowscaled to country level using GDP data from SSP scenarios. For methodology see Guetschow et al. 2017Check info_per_country.csv for further information.,SSP2BLMESGBFILLED,PMSSPBIE,CO2_IPCM0EL_TOTAL_NET_SSP2BLMESGBFILLED_PMSSPBIE,NET,Mt CO2eq,0.5564,0.5040600000000001,0.50622,0.50831,0.48965,0.48218,0.49788,0.51263,0.50371,0.5304599999999999,0.54585,0.54513,0.5476300000000001,0.5367,0.54408,0.5445,0.54477,0.56814,0.5576300000000001,0.58492,0.6006600000000001,0.6733600000000001,0.74335,0.80702,0.85208,0.91825,0.97285,1.026,1.0398,1.1372,1.2459,1.3677,1.5018,1.6481,1.8063,1.9762,2.1589,2.3558,2.5677,2.7952,3.0389999999999997,3.3007999999999997,3.5825,3.885,4.2092,4.555899999999999,4.9269,5.323799999999999,5.747000000000001,6.196899999999999,6.673699999999999,7.178599999999999,7.7131,8.2787,8.8768,9.5092,10.1802,10.893699999999999,11.6516,12.456,13.3089
HFCS_IPCM0EL_TOTAL_NET_SSP2BLMESGBFILLED_SSPSPLIT,IPCM0EL,TOTAL,HFCS,emi,AR4,The future values are calculated by applying the mean historic share for HFCS in the FGASES to the FGASES_IPCM0EL_TOTAL_NET_SSP2BLMESGBFILLED_PMSSPBIE (share: mean over last 6 available values from FGASE_IPCM0EL_TOTAL_NET_HISTCR_PRIMAPHIST21/FGASE_IPCM0EL_TOTAL_NET_HISTCR_PRIMAPHIST21).,SSP2BLMESGBFILLED,SSPSPLIT,HFCS_IPCM0EL_TOTAL_NET_SSP2BLMESGBFILLED_SSPSPLIT,NET,Mt CO2eq,1.288e-05,2.452e-05,6.3038e-05,0.00018515,8.8019e-05,0.00030475,0.00054081,0.00079947,0.0011622,0.0017026999999999997,0.0019007,0.0050472,0.01168,0.020794,0.035618000000000004,0.054682000000000015,0.059114999999999994,0.069712,0.08030799999999999,0.088849,0.09739099999999999,0.097255,0.105,0.11274999999999999,0.12049,0.12824000000000002,0.13598,0.14373,0.15683,0.17956,0.20259,0.22612,0.2507,0.27636,0.30317,0.3312,0.36083,0.3925300000000001,0.42662999999999995,0.46351,0.50364,0.5472600000000001,0.59441,0.64523,0.69985,0.7584099999999999,0.8211999999999999,0.8885200000000001,0.96046,1.0371,1.1187,1.2059,1.2995999999999999,1.4001,1.5074999999999998,1.6218,1.7437,1.8736,2.0115,2.1574999999999998,2.3117
KYOTOGHG_IPCM0EL_TOTAL_NET_SSP2BLMESGBFILLED_PMSSPBIE,IPCM0EL,TOTAL,KYOTOGHG,emi,AR4,calculated by the function combine_tables_varying_in_one_sheet_as by CC and JN from PRIMAPCheck info_per_country.csv for further information.,SSP2BLMESGBFILLED,PMSSPBIE,KYOTOGHG_IPCM0EL_TOTAL_NET_SSP2BLMESGBFILLED_PMSSPBIE,NET,tCO2eq / tCO2eq,0.00010668288023031598,0.00010474695711334049,0.00010505047487099668,0.00010058913400009812,9.5516716570693e-05,9.412564890349325e-05,9.809472497195477e-05,0.00010826782225468411,0.00011534685208364559,0.0001249188855701398,0.00011785121804996921,0.00012356305838956454,0.0001246577250836023,0.0001281287971571078,0.00013185124112598433,0.00013366490837450672,0.00013851395321962337,0.00014127528628121833,0.0001450404379340435,0.00015124676373007257,0.00015221756453825147,0.00014726204289494915,0.00014915015036503414,0.0001519064791084993,0.0001515448192970538,0.00016466246141828923,0.0001636588118015525,0.00016498908883384608,0.0001574213799761643,0.00016027915673319894,0.00016337403757477395,0.0001668079710034837,0.000170494153433072,0.00017434518638728973,0.00017829295186984218,0.00018228423428309496,0.0001863583349458185,0.0001905940472993015,0.00019501623666236248,0.00019965843662866426,0.0002045556343157174,0.000209721927730172,0.00021513524351163813,0.00022078965819583674,0.00022667986068760116,0.00023280457039337238,0.00023918853606884696,0.00024585279083757264,0.0002527848693352912,0.0002599799836144335,0.0002674326164443789,0.0002751068204928279,0.00028300756033240124,0.0002911776740738825,0.00029967106818256815,0.000308542967815911,0.0003178791823258393,0.0003277660226987008,0.00033826505866314897,0.0003494354990806238,0.00036134517076122624
N2O_IPCM0EL_TOTAL_NET_SSP2BLMESGBFILLED_PMSSPBIE,IPCM0EL,TOTAL,N2O,emi,AR4,Scenario based on RCPSSP IAM scenario dowscaled to country level using GDP data from SSP scenarios. For methodology see Guetschow et al. 2017Check info_per_country.csv for further information.,SSP2BLMESGBFILLED,PMSSPBIE,N2O_IPCM0EL_TOTAL_NET_SSP2BLMESGBFILLED_PMSSPBIE,NET,Mt CO2eq,0.92892,0.95385,0.93055,0.8915700000000001,0.8427699999999999,0.8001999999999999,0.8592,0.92984,0.98274,1.0712,1.0517999999999998,1.1203999999999998,1.1576,1.2505,1.3073,1.3792,1.4881,1.5714,1.6537,1.6942,1.7917999999999998,1.7357,1.7953999999999999,1.8289,1.7906,2.044,2.0033,2.0202,1.9385,1.9377,1.9428999999999998,1.954,1.9669999999999999,1.9807,1.9939,2.0057,2.016,2.0249,2.0322,2.0378,2.0415,2.0439,2.0451,2.0451,2.0436,2.0405,2.0357,2.0293,2.0211,2.0112,1.9995999999999998,1.9864,1.9717,1.9558,1.9385,1.92,1.9,1.8783999999999998,1.8554,1.8311,1.8055999999999999
NF3_IPCM0EL_TOTAL_NET_SSP2BLMESGBFILLED_SSPSPLIT,IPCM0EL,TOTAL,NF3,emi,AR4,The future values are calculated by applying the mean historic share for NF3 in the FGASES to the FGASES_IPCM0EL_TOTAL_NET_SSP2BLMESGBFILLED_PMSSPBIE (share: mean over last 6 available values from FGASE_IPCM0EL_TOTAL_NET_HISTCR_PRIMAPHIST21/FGASE_IPCM0EL_TOTAL_NET_HISTCR_PRIMAPHIST21).,SSP2BLMESGBFILLED,SSPSPLIT,NF3_IPCM0EL_TOTAL_NET_SSP2BLMESGBFILLED_SSPSPLIT,NET,Mt CO2eq,,,,,,,,,,,,,,,,,,,,,,,,,,,,,,,,,,,,,,,,,,,,,,,,,,,,,,,,,,,,,
PFCS_IPCM0EL_TOTAL_NET_SSP2BLMESGBFILLED_SSPSPLIT,IPCM0EL,TOTAL,PFCS,emi,AR4,The future values are calculated by applying the mean historic share for PFCS in the FGASES to the FGASES_IPCM0EL_TOTAL_NET_SSP2BLMESGBFILLED_PMSSPBIE (share: mean over last 6 available values from FGASE_IPCM0EL_TOTAL_NET_HISTCR_PRIMAPHIST21/FGASE_IPCM0EL_TOTAL_NET_HISTCR_PRIMAPHIST21).,SSP2BLMESGBFILLED,SSPSPLIT,PFCS_IPCM0EL_TOTAL_NET_SSP2BLMESGBFILLED_SSPSPLIT,NET,Mt CO2eq,,,,,,,,,,,,,,,,,,,,,,,,,,,,,,,,,,,,,,,,,,,,,,,,,,,,,,,,,,,,,
SF6_IPCM0EL_TOTAL_NET_SSP2BLMESGBFILLED_SSPSPLIT,IPCM0EL,TOTAL,SF6,emi,AR4,The future values are calculated by applying the mean historic share for SF6 in the FGASES to the FGASES_IPCM0EL_TOTAL_NET_SSP2BLMESGBFILLED_PMSSPBIE (share: mean over last 6 available values from FGASE_IPCM0EL_TOTAL_NET_HISTCR_PRIMAPHIST21/FGASE_IPCM0EL_TOTAL_NET_HISTCR_PRIMAPHIST21).,SSP2BLMESGBFILLED,SSPSPLIT,SF6_IPCM0EL_TOTAL_NET_SSP2BLMESGBFILLED_SSPSPLIT,NET,Mt CO2eq,,,,,,,,,,,,,,,,,,,,,,,,,,,,,,,,,,,,,,,,,,,,,,,,,,,,,,,,,,,,,
KYOTOGHG_IPCM0EL_COV_EMI_SSP2BLMESGBFILLED_CORR,IPCM0EL,COV,KYOTOGHG,emi,AR4,"Emissions covered by an (I)NDC, based on per-country, per-main-sector and per-kyoto-GHG information from countries' (I)NDCs and their corresponding HISTCR_PRIMAPHIST21 emissions (1990 to 2017). Future values were calculated using methods stated in info_per_country.",SSP2BLMESGBFILLED,CORR,KYOTOGHG_IPCM0EL_COV_EMI_SSP2BLMESGBFILLED_CORR,EMI,Mt CO2eq,1.868177979,1.8005311909999997,1.782866976,1.7277977580000001,1.668170621,1.8861867129999998,1.975545537,2.239522835,2.3373684879999996,2.517327856,2.3748791209999998,2.444781451,2.483428101,2.548334176,2.7252705959999997,2.802315722,2.893974193,2.9814443749999997,3.056735921,3.169988827,3.276680481,3.436463457,3.570899465,3.684210736,3.805175803999999,3.9471954769999997,4.077740125,4.20676446,4.044540053,4.179020700000001,4.325496403,4.488789915,4.66648986,4.855319237,5.052433859,5.255298688,5.464284705,5.681061325,5.905504887999999,6.137739053999999,6.3778874829999985,6.628423382,6.891510808999999,7.167211592999999,7.455587565,7.756824213999999,8.072034485,8.40220766,8.747096418,9.10670076,9.480958855,9.870489004999998,10.27720795,10.70247594,11.14808607,11.615893229999998,12.10898893,12.630526519999998,13.18267005,13.767459919999999,14.387245669999999
KYOTOGHG/GDPPPP_IPCM0EL/ECO_TOTAL_NET_SSP2BLMESGBFILLED_PMSSPBIE/PMSSPBIEMISC,IPCM0EL/ECO,TOTAL,KYOTOGHG/GDPPPP,emi/gdp,AR4,calculated by the function combine_tables_varying_in_one_sheet_as by CC and JN from PRIMAPCheck info_per_country.csv for further information.,SSP2BLMESGBFILLED,PMSSPBIE/PMSSPBIEMISC,KYOTOGHG/GDPPPP_IPCM0EL/ECO_TOTAL_NET_SSP2BLMESGBFILLED_PMSSPBIE/PMSSPBIEMISC,NET,tCO2eq/2011GKD / tCO2eq/2011GKD,0.0021764083795813845,0.002234899349683566,0.0022355472862012836,0.0023523992647998425,0.004751919995479925,0.003949542695870767,0.003830830788302184,0.0036711222195608497,0.0036063536635063823,0.0040601033283327965,0.003693549793579592,0.003703344608517735,0.003448729591608494,0.003635111594981956,0.0037406120556438592,0.0037226861193005683,0.003963560864838653,0.004053778265901838,0.004229483769457508,0.004046635401297089,0.00413489627269276,0.0038699164873353706,0.0037312845592228573,0.003703971396297782,0.003470559438143094,0.003343410746439705,0.003098927216235935,0.003045770755602015,0.003071169357232569,0.0030597455054912886,0.0030451285950328657,0.003027740358492462,0.0030086628493377144,0.002988531567818864,0.0029678858934552147,0.0029471519686478627,0.002926468928329316,0.00290594840691528,0.002885912363695471,0.002866666839740444,0.002848408682201144,0.002830640276367022,0.002812873620641155,0.002795391219726226,0.002778443819715196,0.0027622918646422532,0.00274701572693708,0.0027327694541058934,0.0027197783460135815,0.00270828415874184,0.002698457988064349,0.002689372924990495,0.0026804155732366997,0.002671982094464399,0.0026644914692353786,0.0026582879232807653,0.0026535757093848517,0.0026506070541187066,0.002649761469390175,0.0026513249476934108,0.002655601864219653
KYOTOGHG/POP_IPCM0EL/DEMOGR_TOTAL_NET_SSP2BLMESGBFILLED_PMSSPBIE/PMSSPBIEMISC,IPCM0EL/DEMOGR,TOTAL,KYOTOGHG/POP,emi/pop,AR4,calculated by the function combine_tables_varying_in_one_sheet_as by CC and JN from PRIMAPCheck info_per_country.csv for further information.,SSP2BLMESGBFILLED,PMSSPBIE/PMSSPBIEMISC,KYOTOGHG/POP_IPCM0EL/DEMOGR_TOTAL_NET_SSP2BLMESGBFILLED_PMSSPBIE/PMSSPBIEMISC,NET,tCO2eq/Pers / tCO2eq/Pers,0.00030665851425849355,0.0002801369283816364,0.00034309356970377964,0.00035200458161966936,0.0003565450982212969,0.0003660207837361305,0.00037552404275294937,0.00038222988770705705,0.00038497046507434416,0.00039163390981793655,0.00034507148554929464,0.0003488366179425111,0.0003521268952188375,0.0003627659099527292,0.0003793897139154998,0.0003864854841347906,0.00040075396386154516,0.0004075810114189282,0.00041715407827575994,0.0004387838178669981,0.0004459636855117768,0.0004329525517866834,0.0004390685254838291,0.0004469498158251328,0.0004376476171946956,0.00046437328341030544,0.0004500576759919385,0.00044567091860268026,0.0004332214044332493,0.00043577385957790455,0.0004390609047679867,0.00044339309985410864,0.0004484671319079288,0.00045394658663623015,0.00045955751810743123,0.00046507466992981274,0.00047059660440564174,0.0004763031827700586,0.0004821447468880773,0.00048809398780706774,0.0004941254154429913,0.000500218457871433,0.0005063782846296378,0.000512648871807115,0.0005190752617547169,0.0005257103134731852,0.0005326298435880393,0.0005399175034040681,0.0005476236580957502,0.0005558178912560969,0.0005645680682911169,0.0005737504688112792,0.000583263589754968,0.0005931815254564444,0.0006036006424600691,0.0006146172307937589,0.000626358320179045,0.0006389442055463161,0.0006524752307893416,0.0006670449711088403,0.000682764370555964
GDPPPP_ECO_TOTAL_NET_SSP2BLMESGBFILLED_PMSSPBIEMISC,ECO,TOTAL,GDPPPP,gdp,,Scenario based on RCPSSP IAM scenario dowscaled to country level using GDP data from SSP scenarios. For methodology see Guetschow et al. 2017Check info_per_country.csv for further information.,SSP2BLMESGBFILLED,PMSSPBIEMISC,GDPPPP_ECO_TOTAL_NET_SSP2BLMESGBFILLED_PMSSPBIEMISC,NET,2011GKD / 2011GKD,0.00017799525482008335,0.00015410231012844277,0.00015647259192738217,0.00013942041343062913,6.263291318593603e-05,7.464829671893784e-05,8.115474263878231e-05,9.386149521114957e-05,9.923355252127005e-05,9.80018372818724e-05,0.00010428258813042103,0.00010946610713413655,0.00011993946402053722,0.00011777672000923927,0.00012247042534047265,0.0001276727723401353,0.00013350629675910978,0.00013428287689686456,0.00013434437804565668,0.0001489869492903278,0.00014848784002966677,0.00015734853791978326,0.00016496916148564435,0.00016830330173636532,0.00017759690424564787,0.0001939559862959153,0.0002027718174932914,0.00020815935419551162,0.0002067338330569234,0.00021143872059169356,0.0002169274425837543,0.00022330566909058752,0.00023030517952565697,0.0002377451932349526,0.0002454726605359061,0.00025335879369318504,0.00026144552336439974,0.00026983878648042484,0.00027853089698991223,0.00028752512730386575,0.00029683470620947593,0.00030652787236167743,0.0003166464005970755,0.00032717161920656516,0.00033808580230768075,0.00034937200614654316,0.00036107837098244754,0.0003732345540564721,0.00038580140690277386,0.0003987459700390104,0.0004120408411390531,0.00042578666432009263,0.0004400692872553128,0.0004548477896925618,0.0004700872576898781,0.0004857581522091932,0.0005019107640974389,0.0005185766713371776,0.0005357044970866206,0.0005532460912091953,0.0005711562995383107
KYOTOGHG_IPCM0EL_COV_PC_SSP2BLMESGBFILLED_CORR,IPCM0EL,COV,KYOTOGHG,share,AR4,"Share of emissions covered by an (I)NDC, based on per-country, per-main-sector and per-kyoto-GHG information from countries' (I)NDCs and their corresponding HISTCR_PRIMAPHIST21 emissions (1990 to 2017). Future values were calculated using methods stated in info_per_country.",SSP2BLMESGBFILLED,CORR,KYOTOGHG_IPCM0EL_COV_PC_SSP2BLMESGBFILLED_CORR,PC,MtCO2eq/MtCO2eq,0.5454374989999999,0.528340383,0.533888416,0.537384224,0.542953594,0.609922947,0.598849779,0.61304723,0.602585395,0.5942700320000001,0.581693272,0.567511189,0.5614550779999999,0.537691306,0.537210841,0.528748792,0.512879558,0.505278171,0.495692265,0.498637602,0.490183479,0.5165206379999999,0.522818036,0.526353416,0.539198226,0.512596161,0.529274197,0.53509603,0.5278906839999999,0.5303864229999999,0.532952576,0.5356423370000001,0.5383831579999999,0.541103225,0.543751895,0.546294524,0.54873866,0.551104557,0.553390328,0.555597311,0.5577270329999999,0.55979996,0.56182932,0.563810196,0.5657387079999999,0.567612652,0.56943561,0.571209603,0.572930146,0.57459513,0.5762029670000001,0.577755412,0.579258705,0.580715794,0.582130287,0.5835050420000001,0.584845345,0.586154999,0.587434219,0.58868255,0.589899902
POP_DEMOGR_TOTAL_NET_SSP2BLMESGBFILLED_PMSSPBIEMISC,DEMOGR,TOTAL,POP,pop,,Scenario based on RCPSSP IAM scenario dowscaled to country level using GDP data from SSP scenarios. For methodology see Guetschow et al. 2017Check info_per_country.csv for further information.,SSP2BLMESGBFILLED,PMSSPBIEMISC,POP_DEMOGR_TOTAL_NET_SSP2BLMESGBFILLED_PMSSPBIEMISC,NET,Pers / Pers,0.0013682308720117293,0.0013083775947461149,0.0012188291942411193,0.0011222158079972754,0.0010482259082679316,0.00101606521578106,0.001032312195759732,0.0010871890296001207,0.0011634154939130902,0.0012369621203859352,0.0012913956176366453,0.0013227783894446325,0.0013372521905496417,0.001340998709036981,0.0013434932459302003,0.0013513207943057488,0.0013653374578300166,0.0013829154240761247,0.0014029178937728197,0.00142341066816652,0.0014430922174986187,0.0014618728812153539,0.0014804837995881258,0.0014993988052539409,0.0015192855716149101,0.0015405668727556062,0.0015633430506228666,0.0015873323970479482,0.0016027178396778208,0.001625750392227594,0.001648416734731604,0.0016705702101840938,0.001692214680639062,0.0017135210631641674,0.0017346568068485973,0.001755786145894756,0.0017767917622726857,0.0017975743291651703,0.0018183200692431906,0.0018392117814365304,0.0018604292970007962,0.001881877887794027,0.001903365947650284,0.001924927504141334,0.0019465984694821078,0.0019684166493934533,0.0019904438534742164,0.002012672131141987,0.002035039652004517,0.0020574892071111967,0.002079968004861792,0.0021024003965921167,0.0021247009403269567,0.0021468088509962488,0.0021686678481922348,0.0021902258853826913,0.002211530079263913,0.0022326382373652615,0.002253520411725862,0.002274150536709828,0.0022945061569204167
KYOTOGHG_IPCM0EL_TOTAL_NET_SSP3BLAIMCGEFILLED_PMSSPBIE,IPCM0EL,TOTAL,KYOTOGHG,emi,AR4,calculated by the function combine_tables_varying_in_one_sheet_as by CC and JN from PRIMAPCheck info_per_country.csv for further information.,SSP3BLAIMCGEFILLED,PMSSPBIE,KYOTOGHG_IPCM0EL_TOTAL_NET_SSP3BLAIMCGEFILLED_PMSSPBIE,NET,Mt CO2eq,3.4251,3.4078999999999997,3.3394,3.2152,3.0724,3.0925,3.2988999999999997,3.6531,3.8789,4.2360000000000015,4.0827,4.3079,4.4232,4.7394,5.0729999999999995,5.2999,5.6426,5.9006,6.1666,6.3572999999999995,6.6846,6.653099999999999,6.8301,6.999499999999999,7.057099999999999,7.700399999999999,7.7044,7.8617,7.8037,8.1698,8.5594,8.975299999999999,9.4104,9.861699999999999,10.3263,10.801499999999999,11.286299999999999,11.7811,12.284899999999999,12.796899999999999,13.3162,13.8393,14.3668,14.9042,15.456999999999999,16.0308,16.6243,17.234199999999998,17.8628,18.5124,19.185399999999998,19.8815,20.5995,21.3416,22.1099,22.906499999999998,23.7287,24.5735,25.4428,26.3385,27.2623
KYOTOGHG_IPCM0EL_COV_EMI_SSP3BLAIMCGEFILLED_CORR,IPCM0EL,COV,KYOTOGHG,emi,AR4,"Emissions covered by an (I)NDC, based on per-country, per-main-sector and per-kyoto-GHG information from countries' (I)NDCs and their corresponding HISTCR_PRIMAPHIST21 emissions (1990 to 2017). Future values were calculated using methods stated in info_per_country.",SSP3BLAIMCGEFILLED,CORR,KYOTOGHG_IPCM0EL_COV_EMI_SSP3BLAIMCGEFILLED_CORR,EMI,Mt CO2eq,1.868177979,1.8005311909999997,1.782866976,1.7277977580000001,1.668170621,1.8861867129999998,1.975545537,2.239522835,2.3373684879999996,2.517327856,2.3748791209999998,2.444781451,2.483428101,2.548334176,2.7252705959999997,2.802315722,2.893974193,2.9814443749999997,3.056735921,3.169988827,3.276680481,3.436463457,3.570899465,3.684210736,3.805175803999999,3.9471954769999997,4.077740125,4.20676446,4.132338913,4.358699211,4.599589602,4.856741331,5.125764456,5.40480407,5.692067098,5.985884125,6.28563685,6.591572594,6.903073053,7.219643587999999,7.540727725999999,7.8641614109999995,8.190315624,8.522591025,8.864388274,9.219169862000001,9.586131995,9.963234278999998,10.35189881,10.75354767,11.169664799999998,11.600064699999999,12.04400541,12.502847199999998,12.97788849,13.47042772,13.97879548,14.501136869999998,15.03862664,15.59243959,16.16362682
KYOTOGHG/GDPPPP_IPCM0EL/ECO_TOTAL_NET_SSP3BLAIMCGEFILLED_PMSSPBIE/PMSSPBIEMISC,IPCM0EL/ECO,TOTAL,KYOTOGHG/GDPPPP,emi/gdp,AR4,calculated by the function combine_tables_varying_in_one_sheet_as by CC and JN from PRIMAPCheck info_per_country.csv for further information.,SSP3BLAIMCGEFILLED,PMSSPBIE/PMSSPBIEMISC,KYOTOGHG/GDPPPP_IPCM0EL/ECO_TOTAL_NET_SSP3BLAIMCGEFILLED_PMSSPBIE/PMSSPBIEMISC,NET,t CO2eq / Thousand2011GKD,0.4745010034756503,0.5360883453858967,0.4995703562307697,0.5276809134343381,1.088540506960541,0.8849760564444863,0.8268244599109525,0.7652625539728208,0.7540632007357561,0.8016258482821279,0.6904035424781295,0.6778328780683138,0.615871592254145,0.6504502520670364,0.6322812964515359,0.5862200053727766,0.5615568495869299,0.5503356044573599,0.5524394530720299,0.5158516239653252,0.5021695093711971,0.44229609980992257,0.42162755552109993,0.4121762146984211,0.3824874291774769,0.37637531329965696,0.35265383072538736,0.3368932181037265,0.3215847785441214,0.3171046765348582,0.31304669949776404,0.3091860383227586,0.3053419005516893,0.3016201944274819,0.29809957255401615,0.29484055932118663,0.2918540108542001,0.28913608441516114,0.28669246717347546,0.28452638194185487,0.28263366447082344,0.280956156472648,0.27941452150761165,0.27798154077198683,0.27663622068353694,0.2753639602344509,0.2741802957105396,0.2731048118814532,0.27212660006346817,0.271234964453062,0.27042067658147256,0.2697130802541318,0.2691161868320894,0.26860049518661666,0.2681373041914544,0.2676997451589341,0.26726517426070956,0.26681703459611733,0.2663429649184588,0.26583217555766747,0.26527336304916194
KYOTOGHG/POP_IPCM0EL/DEMOGR_TOTAL_NET_SSP3BLAIMCGEFILLED_PMSSPBIE/PMSSPBIEMISC,IPCM0EL/DEMOGR,TOTAL,KYOTOGHG/POP,emi/pop,AR4,calculated by the function combine_tables_varying_in_one_sheet_as by CC and JN from PRIMAPCheck info_per_country.csv for further information.,SSP3BLAIMCGEFILLED,PMSSPBIE/PMSSPBIEMISC,KYOTOGHG/POP_IPCM0EL/DEMOGR_TOTAL_NET_SSP3BLAIMCGEFILLED_PMSSPBIE/PMSSPBIEMISC,NET,t CO2eq / Pers,0.46990745631497394,0.4810744310895004,0.4982510335344401,0.513302160348813,0.5175648442681344,0.5298556753668083,0.5486182101865142,0.5690274663113964,0.557088942066714,0.5647070868606421,0.5146034986786083,0.5233651263564923,0.5248805633281358,0.5538519142037879,0.5844117244535008,0.5995216179696987,0.6239510923898999,0.636268558686625,0.647443748954017,0.6498466180846529,0.6658407157922166,0.6463505351183207,0.6474229106437707,0.6474102019527657,0.6367137842024679,0.6773112772362843,0.6602548825173259,0.6561827552898303,0.637431131021403,0.6501135163968537,0.663931956014855,0.6790027182499108,0.6946401586587436,0.7105253808025253,0.7263714346963771,0.7419271506787929,0.7572052882050032,0.7723465285616626,0.7872828215306942,0.8019638062689141,0.8163366300521708,0.8301827968477705,0.8435309832573437,0.8566957834323269,0.8699648952206176,0.8836066792530334,0.8974796217032341,0.9114137023641204,0.9255921281968583,0.940188141676148,0.9553709902863786,0.9709973238679626,0.9868898313793855,1.003212158722621,1.0201165250579631,1.037749605100467,1.0560063726207634,1.0747407297735567,1.094042153524637,1.1139961628405575,1.1346766208454733
GDPPPP_ECO_TOTAL_NET_SSP3BLAIMCGEFILLED_PMSSPBIEMISC,ECO,TOTAL,GDPPPP,gdp,,Scenario based on RCPSSP IAM scenario dowscaled to country level using GDP data from SSP scenarios. For methodology see Guetschow et al. 2017Check info_per_country.csv for further information.,SSP3BLAIMCGEFILLED,PMSSPBIEMISC,GDPPPP_ECO_TOTAL_NET_SSP3BLAIMCGEFILLED_PMSSPBIEMISC,NET,Billion2011GKD,7.2183198242188,6.356974609375,6.684543945312501,6.093076171875,2.8224948730469,3.4944448242188004,3.9898432617188004,4.7736557617188,5.1439985351563,5.2842607421875005,5.9134980468750005,6.3554013671875005,7.1820166015625,7.2863374023438,8.0233276367188,9.040803710937501,10.048136718750001,10.7218212890625,11.162490234375001,12.323892578125001,13.311441406250001,15.042185546875,16.199368164062502,16.981814453125,18.450541015625,20.459365234375003,21.846919921875003,23.335880859375003,24.2663848560523,25.763732308444602,27.342246424358603,29.028801069700002,30.8192225927636,32.6957550661318,34.640438802135,36.6350546372194,38.671046414497404,40.7458654765619,42.850445709710606,44.976145665870604,47.1146988980665,49.25786348215261,51.4175137443908,53.6157903097066,55.874823484095806,58.2167687679645,60.6327305794096,63.1047101706903,65.6415065481796,68.2522625257026,70.9464980360694,73.7135180142804,76.5450054955361,79.4548051192996,82.4573815518529,85.5678812335079,88.7833593195847,92.0986924136874,95.52645780521871,99.07942838276301,102.7705898799481
KYOTOGHG_IPCM0EL_COV_PC_SSP3BLAIMCGEFILLED_CORR,IPCM0EL,COV,KYOTOGHG,share,AR4,"Share of emissions covered by an (I)NDC, based on per-country, per-main-sector and per-kyoto-GHG information from countries' (I)NDCs and their corresponding HISTCR_PRIMAPHIST21 emissions (1990 to 2017). Future values were calculated using methods stated in info_per_country.",SSP3BLAIMCGEFILLED,CORR,KYOTOGHG_IPCM0EL_COV_PC_SSP3BLAIMCGEFILLED_CORR,PC,MtCO2eq/MtCO2eq,0.5454374989999999,0.528340383,0.533888416,0.537384224,0.542953594,0.609922947,0.598849779,0.61304723,0.602585395,0.5942700320000001,0.581693272,0.567511189,0.5614550779999999,0.537691306,0.537210841,0.528748792,0.512879558,0.505278171,0.495692265,0.498637602,0.490183479,0.5165206379999999,0.522818036,0.526353416,0.539198226,0.512596161,0.529274197,0.53509603,0.52953585,0.533513576,0.5373729,0.541123008,0.544691454,0.548060078,0.551220389,0.5541715620000001,0.55692626,0.5595040020000001,0.5619152820000001,0.564171291,0.566282252,0.568248496,0.5700862839999999,0.571824789,0.573486982,0.575091066,0.5766337229999999,0.578108312,0.57952274,0.5808834979999999,0.582196087,0.583460237,0.584674648,0.585843948,0.586971831,0.588061368,0.5891092,0.590112799,0.5910759289999999,0.592001807,0.592892999
POP_DEMOGR_TOTAL_NET_SSP3BLAIMCGEFILLED_PMSSPBIEMISC,DEMOGR,TOTAL,POP,pop,,Scenario based on RCPSSP IAM scenario dowscaled to country level using GDP data from SSP scenarios. For methodology see Guetschow et al. 2017Check info_per_country.csv for further information.,SSP3BLAIMCGEFILLED,PMSSPBIEMISC,POP_DEMOGR_TOTAL_NET_SSP3BLAIMCGEFILLED_PMSSPBIEMISC,NET,MillionPers,7.288882,7.083934999999999,6.702243999999999,6.263757,5.936261,5.836494999999999,6.013107,6.419900999999999,6.962802,7.501233999999999,7.933681,8.231156,8.427059999999999,8.557160999999999,8.680524,8.840214999999999,9.043337,9.273757,9.524534,9.78277,10.039337999999999,10.293331,10.549673,10.811537999999999,11.08363,11.369071,11.668827,11.980960999999999,12.2424205851,12.566728415799998,12.891983768,13.2183565084,13.5471580252,13.8794478937,14.2162804135,14.558706997199998,14.905204936899999,15.253645306,15.6041763697,15.956954540799998,16.3121431892,16.670184027599998,17.0317395391,17.3973075253,17.7673835863,18.142461319499997,18.5233175194,18.909305352,19.2987812405,19.6901015652,20.0816229455,20.475339644399998,20.873150522999996,21.2732668902,21.6738965176,22.0732437646,22.4702242479,22.8645842846,23.2557766792,23.6432591768,24.0264930987
KYOTOGHG_IPCM0EL_TOTAL_NET_SSP4BLGCAM4FILLED_PMSSPBIE,IPCM0EL,TOTAL,KYOTOGHG,emi,AR4,calculated by the function combine_tables_varying_in_one_sheet_as by CC and JN from PRIMAPCheck info_per_country.csv for further information.,SSP4BLGCAM4FILLED,PMSSPBIE,KYOTOGHG_IPCM0EL_TOTAL_NET_SSP4BLGCAM4FILLED_PMSSPBIE,NET,Mt CO2eq,3.4251,3.4078999999999997,3.3394,3.2152,3.0724,3.0925,3.2988999999999997,3.6531,3.8789,4.2360000000000015,4.0827,4.3079,4.4232,4.7394,5.0729999999999995,5.2999,5.6426,5.9006,6.1666,6.3572999999999995,6.6846,6.653099999999999,6.8301,6.999499999999999,7.057099999999999,7.700399999999999,7.7044,7.8617,7.7402999999999995,8.0449,8.3733,8.7348,9.128,9.5467,9.9839,10.432,10.8863,11.3423,11.7918,12.226099999999999,12.6357,13.0185,13.383999999999999,13.7401,14.0947,14.4558,14.8226,15.1913,15.5655,15.948599999999999,16.3444,16.7503,17.162499999999998,17.5828,18.0129,18.4546,18.906599999999997,19.3671,19.8373,20.3183,20.8113
KYOTOGHG_IPCM0EL_COV_EMI_SSP4BLGCAM4FILLED_CORR,IPCM0EL,COV,KYOTOGHG,emi,AR4,"Emissions covered by an (I)NDC, based on per-country, per-main-sector and per-kyoto-GHG information from countries' (I)NDCs and their corresponding HISTCR_PRIMAPHIST21 emissions (1990 to 2017). Future values were calculated using methods stated in info_per_country.",SSP4BLGCAM4FILLED,CORR,KYOTOGHG_IPCM0EL_COV_EMI_SSP4BLGCAM4FILLED_CORR,EMI,Mt CO2eq,1.868177979,1.8005311909999997,1.782866976,1.7277977580000001,1.668170621,1.8861867129999998,1.975545537,2.239522835,2.3373684879999996,2.517327856,2.3748791209999998,2.444781451,2.483428101,2.548334176,2.7252705959999997,2.802315722,2.893974193,2.9814443749999997,3.056735921,3.169988827,3.276680481,3.436463457,3.570899465,3.684210736,3.805175803999999,3.9471954769999997,4.077740125,4.20676446,4.0931385769999995,4.281473313,4.484523632,4.7080397419999995,4.951156019999999,5.210038995,5.480360552999999,5.757421601,6.03831612,6.320261753,6.598188422999999,6.866716906,7.119973333999999,7.356659272999999,7.58264859,7.8028258699999995,8.022075697,8.245344486,8.472137595999998,8.700105479,8.931474022,9.168345451999999,9.413069314,9.664038025,9.918902037999999,10.1787743,10.44470591,10.71780983,10.99728225,11.28201024,11.572735759999999,11.870138939999999,12.17496174
KYOTOGHG/GDPPPP_IPCM0EL/ECO_TOTAL_NET_SSP4BLGCAM4FILLED_PMSSPBIE/PMSSPBIEMISC,IPCM0EL/ECO,TOTAL,KYOTOGHG/GDPPPP,emi/gdp,AR4,calculated by the function combine_tables_varying_in_one_sheet_as by CC and JN from PRIMAPCheck info_per_country.csv for further information.,SSP4BLGCAM4FILLED,PMSSPBIE/PMSSPBIEMISC,KYOTOGHG/GDPPPP_IPCM0EL/ECO_TOTAL_NET_SSP4BLGCAM4FILLED_PMSSPBIE/PMSSPBIEMISC,NET,t CO2eq / Thousand2011GKD,0.4745010034756503,0.5360883453858967,0.4995703562307697,0.5276809134343381,1.088540506960541,0.8849760564444863,0.8268244599109525,0.7652625539728208,0.7540632007357561,0.8016258482821279,0.6904035424781295,0.6778328780683138,0.615871592254145,0.6504502520670364,0.6322812964515359,0.5862200053727766,0.5615568495869299,0.5503356044573599,0.5524394530720299,0.5158516239653252,0.5021695093711971,0.44229609980992257,0.42162755552109993,0.4121762146984211,0.3824874291774769,0.37637531329965696,0.35265383072538736,0.3368932181037265,0.31856858141796174,0.3116487248741664,0.3057392774877313,0.3006727065065515,0.2962324070650827,0.29239260571697756,0.28909547449888595,0.2862689588328979,0.28379251337017075,0.2815291872459592,0.27937338126539324,0.27722023965524006,0.27495969438246814,0.27258580906920304,0.2701630624420711,0.26770132380384887,0.2652153782936288,0.2627254893418867,0.26029874255133306,0.25800437507328255,0.25586752004978675,0.25390767183006296,0.2521485890816305,0.250550760201818,0.24904808289543945,0.2476217209294829,0.2462541748199457,0.24493161781173894,0.24364340894149938,0.24238604065476432,0.24115988360764523,0.23996430670037108,0.23880011636772513
KYOTOGHG/POP_IPCM0EL/DEMOGR_TOTAL_NET_SSP4BLGCAM4FILLED_PMSSPBIE/PMSSPBIEMISC,IPCM0EL/DEMOGR,TOTAL,KYOTOGHG/POP,emi/pop,AR4,calculated by the function combine_tables_varying_in_one_sheet_as by CC and JN from PRIMAPCheck info_per_country.csv for further information.,SSP4BLGCAM4FILLED,PMSSPBIE/PMSSPBIEMISC,KYOTOGHG/POP_IPCM0EL/DEMOGR_TOTAL_NET_SSP4BLGCAM4FILLED_PMSSPBIE/PMSSPBIEMISC,NET,t CO2eq / Pers,0.46990745631497394,0.4810744310895004,0.4982510335344401,0.513302160348813,0.5175648442681344,0.5298556753668083,0.5486182101865142,0.5690274663113964,0.557088942066714,0.5647070868606421,0.5146034986786083,0.5233651263564923,0.5248805633281358,0.5538519142037879,0.5844117244535008,0.5995216179696987,0.6239510923898999,0.636268558686625,0.647443748954017,0.6498466180846529,0.6658407157922166,0.6463505351183207,0.6474229106437707,0.6474102019527657,0.6367137842024679,0.6773112772362843,0.6602548825173259,0.6561827552898303,0.6322256646002878,0.6401162895196452,0.6494020010256921,0.6606922040258018,0.6736861503198016,0.6877509434253518,0.7022504896252927,0.7165605073272262,0.7304369302393492,0.7437124945268304,0.755891221752757,0.7664888161377977,0.7750137038373989,0.781467297049485,0.7865150924499297,0.7906610236472622,0.7943684016471539,0.7980688044895284,0.8017020761376064,0.8051143865755942,0.8085606570942061,0.8122666968522517,0.8164617955825724,0.8209201517050098,0.8253798539725088,0.8299862350066466,0.8348709076714762,0.8401621813327912,0.8458137978361477,0.8517403497483914,0.8580096547364665,0.8646816732716911,0.8718177468452839
GDPPPP_ECO_TOTAL_NET_SSP4BLGCAM4FILLED_PMSSPBIEMISC,ECO,TOTAL,GDPPPP,gdp,,Scenario based on RCPSSP IAM scenario dowscaled to country level using GDP data from SSP scenarios. For methodology see Guetschow et al. 2017Check info_per_country.csv for further information.,SSP4BLGCAM4FILLED,PMSSPBIEMISC,GDPPPP_ECO_TOTAL_NET_SSP4BLGCAM4FILLED_PMSSPBIEMISC,NET,Billion2011GKD,7.2183198242188,6.356974609375,6.684543945312501,6.093076171875,2.8224948730469,3.4944448242188004,3.9898432617188004,4.7736557617188,5.1439985351563,5.2842607421875005,5.9134980468750005,6.3554013671875005,7.1820166015625,7.2863374023438,8.0233276367188,9.040803710937501,10.048136718750001,10.7218212890625,11.162490234375001,12.323892578125001,13.311441406250001,15.042185546875,16.199368164062502,16.981814453125,18.450541015625,20.459365234375003,21.846919921875003,23.335880859375003,24.297122979132503,25.813999409907,27.387060206342003,29.0508576634297,30.813644227637003,32.6502784726395,34.534957758525806,36.4412545549146,38.3600676096773,40.2881850757831,42.2080297936412,44.102479729491506,45.954735396322405,47.75927273857061,49.54045115945421,51.3262310576682,53.1443541874683,55.022449615418004,56.9445701301337,58.880009285443805,60.8342160699852,62.8125959528871,64.82050944456671,66.853918090321,68.91239555216941,71.006694945825,73.1475923734919,75.345927834375,77.59947245090311,79.9018786217354,82.2578768211477,84.67217595561091,87.14945501933072
KYOTOGHG_IPCM0EL_COV_PC_SSP4BLGCAM4FILLED_CORR,IPCM0EL,COV,KYOTOGHG,share,AR4,"Share of emissions covered by an (I)NDC, based on per-country, per-main-sector and per-kyoto-GHG information from countries' (I)NDCs and their corresponding HISTCR_PRIMAPHIST21 emissions (1990 to 2017). Future values were calculated using methods stated in info_per_country.",SSP4BLGCAM4FILLED,CORR,KYOTOGHG_IPCM0EL_COV_PC_SSP4BLGCAM4FILLED_CORR,PC,MtCO2eq/MtCO2eq,0.5454374989999999,0.528340383,0.533888416,0.537384224,0.542953594,0.609922947,0.598849779,0.61304723,0.602585395,0.5942700320000001,0.581693272,0.567511189,0.5614550779999999,0.537691306,0.537210841,0.528748792,0.512879558,0.505278171,0.495692265,0.498637602,0.490183479,0.5165206379999999,0.522818036,0.526353416,0.539198226,0.512596161,0.529274197,0.53509603,0.5288087770000001,0.5321972070000001,0.535574222,0.5389980010000001,0.542414113,0.545742403,0.5489198160000001,0.551900077,0.554671111,0.5572292879999999,0.559557355,0.5616440979999999,0.56348072,0.565092697,0.56654577,0.567887124,0.569155477,0.570383132,0.5715689279999999,0.5727031579999999,0.573799365,0.574868355,0.575920151,0.576947161,0.577940395,0.578905197,0.579845883,0.580766304,0.581663665,0.582534827,0.583382606,0.584209257,0.585016877
POP_DEMOGR_TOTAL_NET_SSP4BLGCAM4FILLED_PMSSPBIEMISC,DEMOGR,TOTAL,POP,pop,,Scenario based on RCPSSP IAM scenario dowscaled to country level using GDP data from SSP scenarios. For methodology see Guetschow et al. 2017Check info_per_country.csv for further information.,SSP4BLGCAM4FILLED,PMSSPBIEMISC,POP_DEMOGR_TOTAL_NET_SSP4BLGCAM4FILLED_PMSSPBIEMISC,NET,MillionPers,7.288882,7.083934999999999,6.702243999999999,6.263757,5.936261,5.836494999999999,6.013107,6.419900999999999,6.962802,7.501233999999999,7.933681,8.231156,8.427059999999999,8.557160999999999,8.680524,8.840214999999999,9.043337,9.273757,9.524534,9.78277,10.039337999999999,10.293331,10.549673,10.811537999999999,11.08363,11.369071,11.668827,11.980960999999999,12.242938611,12.5678726377,12.893862333,13.220679685299999,13.549335986300001,13.8810423908,14.217006819499998,14.5584356008,14.9038192749,15.2509203267,15.5998636585,15.950787203400001,16.3038407417,16.6590464491,17.0168381109,17.377990806499998,17.7432787744,18.113475829,18.488913077799996,18.868499002500002,19.2508748273,19.634684102899996,20.0185729307,20.4042987192,20.793456391499998,21.184447715399997,21.5756709624,21.9655209554,22.3531468136,22.738267602,23.1201361086,23.498011612899997,23.8711589381
KYOTOGHG_IPCM0EL_TOTAL_NET_SSP5BLREMMPFILLED_PMSSPBIE,IPCM0EL,TOTAL,KYOTOGHG,emi,AR4,calculated by the function combine_tables_varying_in_one_sheet_as by CC and JN from PRIMAPCheck info_per_country.csv for further information.,SSP5BLREMMPFILLED,PMSSPBIE,KYOTOGHG_IPCM0EL_TOTAL_NET_SSP5BLREMMPFILLED_PMSSPBIE,NET,Mt CO2eq,3.4251,3.4078999999999997,3.3394,3.2152,3.0724,3.0925,3.2988999999999997,3.6531,3.8789,4.2360000000000015,4.0827,4.3079,4.4232,4.7394,5.0729999999999995,5.2999,5.6426,5.9006,6.1666,6.3572999999999995,6.6846,6.653099999999999,6.8301,6.999499999999999,7.057099999999999,7.700399999999999,7.7044,7.8617,7.850499999999999,8.2947,8.7913,9.3563,9.9885,10.6815,11.429,12.225299999999999,13.079099999999999,13.998999999999999,14.980599999999999,16.0208,17.1179,18.3021,19.5966,20.9914,22.477899999999998,24.0492,25.7109,27.467299999999998,29.3099,31.2307,33.2219,35.3189,37.5587,39.9357,42.4447,45.080799999999996,47.8426,50.7267,53.7247,56.827,60.0233
KYOTOGHG_IPCM0EL_COV_EMI_SSP5BLREMMPFILLED_CORR,IPCM0EL,COV,KYOTOGHG,emi,AR4,"Emissions covered by an (I)NDC, based on per-country, per-main-sector and per-kyoto-GHG information from countries' (I)NDCs and their corresponding HISTCR_PRIMAPHIST21 emissions (1990 to 2017). Future values were calculated using methods stated in info_per_country.",SSP5BLREMMPFILLED,CORR,KYOTOGHG_IPCM0EL_COV_EMI_SSP5BLREMMPFILLED_CORR,EMI,Mt CO2eq,1.868177979,1.8005311909999997,1.782866976,1.7277977580000001,1.668170621,1.8861867129999998,1.975545537,2.239522835,2.3373684879999996,2.517327856,2.3748791209999998,2.444781451,2.483428101,2.548334176,2.7252705959999997,2.802315722,2.893974193,2.9814443749999997,3.056735921,3.169988827,3.276680481,3.436463457,3.570899465,3.684210736,3.805175803999999,3.9471954769999997,4.077740125,4.20676446,4.1612754380000005,4.435925108999999,4.742973796,5.0923143269999995,5.483204741,5.911687906,6.373868521,6.866222265,7.394128362999998,7.962904212999999,8.569829284999999,9.212986843999998,9.891325776,10.623518800000001,11.423910509999999,12.2863179,13.20542356,14.17696122,15.20439336,16.29037869,17.42966163,18.617295779999996,19.848458379999997,21.1450373,22.52990973,23.99961317,25.55093245,27.18083789,28.888463879999996,30.671708169999995,32.52537704,34.4435348,36.41981292
KYOTOGHG/GDPPPP_IPCM0EL/ECO_TOTAL_NET_SSP5BLREMMPFILLED_PMSSPBIE/PMSSPBIEMISC,IPCM0EL/ECO,TOTAL,KYOTOGHG/GDPPPP,emi/gdp,AR4,calculated by the function combine_tables_varying_in_one_sheet_as by CC and JN from PRIMAPCheck info_per_country.csv for further information.,SSP5BLREMMPFILLED,PMSSPBIE/PMSSPBIEMISC,KYOTOGHG/GDPPPP_IPCM0EL/ECO_TOTAL_NET_SSP5BLREMMPFILLED_PMSSPBIE/PMSSPBIEMISC,NET,t CO2eq / Thousand2011GKD,0.4745010034756503,0.5360883453858967,0.4995703562307697,0.5276809134343381,1.088540506960541,0.8849760564444863,0.8268244599109525,0.7652625539728208,0.7540632007357561,0.8016258482821279,0.6904035424781295,0.6778328780683138,0.615871592254145,0.6504502520670364,0.6322812964515359,0.5862200053727766,0.5615568495869299,0.5503356044573599,0.5524394530720299,0.5158516239653252,0.5021695093711971,0.44229609980992257,0.42162755552109993,0.4121762146984211,0.3824874291774769,0.37637531329965696,0.35265383072538736,0.3368932181037265,0.3233032312948472,0.32023289616866724,0.3168317486481202,0.31279105195583323,0.30795455549169637,0.30260378756690426,0.29696446555258577,0.29122019767385177,0.2853518963046606,0.27938352238561603,0.2734912223375051,0.2677997326660305,0.2623941287659394,0.2568812795575216,0.2510661940066031,0.24522544857660886,0.239541786939465,0.2341316965377543,0.2289678288697499,0.2240390535536587,0.21940496790500413,0.21509352096202744,0.2111098715329758,0.20737304188175248,0.2038227523496624,0.2004683954815952,0.19730870202001538,0.19433533004428014,0.19149819004052288,0.18876851215066137,0.18615719758986957,0.1836648153976949,0.181286268960642
KYOTOGHG/POP_IPCM0EL/DEMOGR_TOTAL_NET_SSP5BLREMMPFILLED_PMSSPBIE/PMSSPBIEMISC,IPCM0EL/DEMOGR,TOTAL,KYOTOGHG/POP,emi/pop,AR4,calculated by the function combine_tables_varying_in_one_sheet_as by CC and JN from PRIMAPCheck info_per_country.csv for further information.,SSP5BLREMMPFILLED,PMSSPBIE/PMSSPBIEMISC,KYOTOGHG/POP_IPCM0EL/DEMOGR_TOTAL_NET_SSP5BLREMMPFILLED_PMSSPBIE/PMSSPBIEMISC,NET,t CO2eq / Pers,0.46990745631497394,0.4810744310895004,0.4982510335344401,0.513302160348813,0.5175648442681344,0.5298556753668083,0.5486182101865142,0.5690274663113964,0.557088942066714,0.5647070868606421,0.5146034986786083,0.5233651263564923,0.5248805633281358,0.5538519142037879,0.5844117244535008,0.5995216179696987,0.6239510923898999,0.636268558686625,0.647443748954017,0.6498466180846529,0.6658407157922166,0.6463505351183207,0.6474229106437707,0.6474102019527657,0.6367137842024679,0.6773112772362843,0.6602548825173259,0.6561827552898303,0.6447451273880217,0.6673963352980596,0.6935516732050133,0.7242898938665787,0.7592494807661682,0.7977129581573134,0.8390161607771062,0.8825764051213854,0.9289898610933565,0.9788138292593603,1.0315520603104433,1.0868154409396058,1.1443183805949049,1.2058555208266244,1.272742230599302,1.3441672606386779,1.4194655246143708,1.498128596724154,1.5804271776523633,1.6666107308573066,1.7562401573236064,1.848967199256199,1.944513254015521,2.04466615147435,2.151139828106844,2.263611264868923,2.3818288708581132,2.505606547916714,2.63487743427219,2.769457388698652,2.9090295685238816,3.053260512690456,3.2018283179340026
GDPPPP_ECO_TOTAL_NET_SSP5BLREMMPFILLED_PMSSPBIEMISC,ECO,TOTAL,GDPPPP,gdp,,Scenario based on RCPSSP IAM scenario dowscaled to country level using GDP data from SSP scenarios. For methodology see Guetschow et al. 2017Check info_per_country.csv for further information.,SSP5BLREMMPFILLED,PMSSPBIEMISC,GDPPPP_ECO_TOTAL_NET_SSP5BLREMMPFILLED_PMSSPBIEMISC,NET,Billion2011GKD,7.2183198242188,6.356974609375,6.684543945312501,6.093076171875,2.8224948730469,3.4944448242188004,3.9898432617188004,4.7736557617188,5.1439985351563,5.2842607421875005,5.9134980468750005,6.3554013671875005,7.1820166015625,7.2863374023438,8.0233276367188,9.040803710937501,10.048136718750001,10.7218212890625,11.162490234375001,12.323892578125001,13.311441406250001,15.042185546875,16.199368164062502,16.981814453125,18.450541015625,20.459365234375003,21.846919921875003,23.335880859375003,24.2821575539419,25.902085948194305,27.747534890399503,29.912300692416004,32.4349804926634,35.2986328620833,38.4860861340199,41.9795745544118,45.834985396543104,50.1067488893566,54.77543254208361,59.823808786169806,65.2373590846215,71.2473093855862,78.053519222443,85.6004143201404,93.83707238386941,102.71654951307292,112.29044764461581,122.6005000660361,133.58813284797782,145.1959122725666,157.3678187512452,170.31577334984271,184.2713807316625,199.2119501134355,215.1182363750704,231.9742889248607,249.83317069407312,268.7243726300794,288.59856452267326,309.406022470612,331.0967804904811
KYOTOGHG_IPCM0EL_COV_PC_SSP5BLREMMPFILLED_CORR,IPCM0EL,COV,KYOTOGHG,share,AR4,"Share of emissions covered by an (I)NDC, based on per-country, per-main-sector and per-kyoto-GHG information from countries' (I)NDCs and their corresponding HISTCR_PRIMAPHIST21 emissions (1990 to 2017). Future values were calculated using methods stated in info_per_country.",SSP5BLREMMPFILLED,CORR,KYOTOGHG_IPCM0EL_COV_PC_SSP5BLREMMPFILLED_CORR,PC,MtCO2eq/MtCO2eq,0.5454374989999999,0.528340383,0.533888416,0.537384224,0.542953594,0.609922947,0.598849779,0.61304723,0.602585395,0.5942700320000001,0.581693272,0.567511189,0.5614550779999999,0.537691306,0.537210841,0.528748792,0.512879558,0.505278171,0.495692265,0.498637602,0.490183479,0.5165206379999999,0.522818036,0.526353416,0.539198226,0.512596161,0.529274197,0.53509603,0.53006502,0.534790301,0.539507672,0.544265824,0.548951769,0.5534510979999999,0.557692582,0.56164039,0.565339233,0.568819502,0.572061819,0.575064094,0.577835235,0.580453543,0.5829537020000001,0.5853024520000001,0.587484754,0.589498246,0.591359827,0.593082636,0.594668069,0.59612163,0.59745103,0.598689011,0.599858614,0.600956367,0.601981695,0.602936015,0.603823034,0.604646235,0.605408258,0.606112144,0.606761256
POP_DEMOGR_TOTAL_NET_SSP5BLREMMPFILLED_PMSSPBIEMISC,DEMOGR,TOTAL,POP,pop,,Scenario based on RCPSSP IAM scenario dowscaled to country level using GDP data from SSP scenarios. For methodology see Guetschow et al. 2017Check info_per_country.csv for further information.,SSP5BLREMMPFILLED,PMSSPBIEMISC,POP_DEMOGR_TOTAL_NET_SSP5BLREMMPFILLED_PMSSPBIEMISC,NET,MillionPers,7.288882,7.083934999999999,6.702243999999999,6.263757,5.936261,5.836494999999999,6.013107,6.419900999999999,6.962802,7.501233999999999,7.933681,8.231156,8.427059999999999,8.557160999999999,8.680524,8.840214999999999,9.043337,9.273757,9.524534,9.78277,10.039337999999999,10.293331,10.549673,10.811537999999999,11.08363,11.369071,11.668827,11.980960999999999,12.1761292432,12.4284470281,12.6757678478,12.9178938975,13.155754798699999,13.3901548054,13.6219068646,13.851831896999999,14.0788404134,14.302004713799999,14.522388715399998,14.741049304699999,14.9590361304,15.1776889386,15.3971476147,15.6166576993,15.8354673715,16.0528275427,16.268323124000002,16.4809331246,16.6890045634,16.8908891475,17.0849439732,17.2736756925,17.4599063758,17.6424727248,17.8202139202,17.991970861299997,18.157429024099997,18.316476074700002,18.468255043299997,18.611906767799997,18.7465704091
emi_ndcs_exclLU,,,,emi,AR4,,,,emi_ndcs_exclLU,emi,Mt CO2eq,,,,,,,,,,,,,,,,,,,,,,,,,,,,,,,,,,,,,,,,,,,,,,,,,,,,,,,,,,,,,
emi_ndcs_inclLU,,,,emi,AR4,,,,emi_ndcs_inclLU,emi,Mt CO2eq,,,,,,,,,,,,,,,,,,,,,,,-2.54e-06,,,,,,,,,,,,,,,,,,,,,,,,,,,,,,,,,,,,,,
emi_ndcs_onlyLU,,,,emi,AR4,,,,emi_ndcs_onlyLU,emi,Mt CO2eq,,,,,,,,,,,,,,,,,,,,,,,,,,,,,,,,,,,,,,,,,,,,,,,,,,,,,,,,,,,,,
